Date,Time,Latitude,Longitude,Altitude,Heading,AE:62:55:5B:2B:C9 | AE:62:55:5B:2B:C9 @ CH4 (2427.0MHz),AC:23:16:29:7F:A2 | AC:23:16:29:7F:A2 @ CH1 (2412.0MHz),NaN | CC:BA:97:13:9B:54 @ CH1 (2412.0MHz),AC:23:16:29:7F:33 | AC:23:16:29:7F:33 @ CH64 (5320.0MHz),OI-HQ-ERM-Starlink | AE:62:55:2B:2B:C9 @ CH1 (2412.0MHz),AC:23:16:29:7F:32 | AC:23:16:29:7F:32 @ CH64 (5320.0MHz),OI-HQ-ERM-2.4g | B6:22:FF:F8:A8:0A @ CH1 (2412.0MHz),AC:23:16:29:7F:31 | AC:23:16:29:7F:31 @ CH64 (5320.0MHz),AC:23:16:29:7F:A3 | AC:23:16:29:7F:A3 @ CH1 (2412.0MHz),BBW-Guest-Wifi | AC:23:16:29:7F:34 @ CH64 (5320.0MHz),BBW-Guest-Wifi | AC:23:16:29:7F:A4 @ CH1 (2412.0MHz),AE:62:55:8B:2B:C9 | AE:62:55:8B:2B:C9 @ CH1 (2412.0MHz),AE:62:55:5B:2B:C9 | AE:62:55:5B:2B:C9 @ CH1 (2412.0MHz),OI-HQ-ERM-Starlink | AE:62:55:2B:2B:C9 @ CH4 (2427.0MHz),OI-HQ-ERM-Starlink | AE:62:55:3B:2B:C9 @ CH36 (5180.0MHz),BBW-Guest-Wifi | AC:23:16:29:7F:14 @ CH6 (2437.0MHz),OI-HQ-ERM-Starlink | AE:62:55:3B:2B:C9 @ CH40 (5200.0MHz),NaN | C0:35:32:DB:72:4B @ CH40 (5200.0MHz),NaN | 3C:58:C2:6D:0A:D3 @ CH40 (5200.0MHz),AE:62:55:6B:2B:C9 | AE:62:55:6B:2B:C9 @ CH40 (5200.0MHz),DA:55:A8:0B:17:B8 | DA:55:A8:0B:17:B8 @ CH6 (2437.0MHz),NaN | 2C:CF:67:D8:AF:13 @ CH40 (5200.0MHz),MySpectrumWiFi54-2G | 78:29:ED:69:6B:52 @ CH6 (2437.0MHz),OI-HQ-ERM-5g | 6E:E2:63:83:99:6F @ CH40 (5200.0MHz),NaN | 3C:58:C2:6D:0A:D3 @ CH36 (5180.0MHz),AE:62:55:6B:2B:C9 | AE:62:55:6B:2B:C9 @ CH36 (5180.0MHz),NaN | F0:77:C3:05:E4:9D @ CH36 (5180.0MHz),NaN | 04:68:74:86:FC:27 @ CH40 (5200.0MHz),NaN | 04:68:74:86:FC:27 @ CH36 (5180.0MHz),NaN | EC:91:61:9D:AA:21 @ CH6 (2437.0MHz),NaN | 00:BD:3E:72:30:3F @ CH10 (2457.0MHz),NaN | EC:91:61:9D:AA:21 @ CH40 (5200.0MHz),NaN | EC:91:61:9D:AA:21 @ CH36 (5180.0MHz),NaN | FC:B0:DE:2F:7D:19 @ CH36 (5180.0MHz),NaN | FC:B0:DE:2F:7D:19 @ CH40 (5200.0MHz),NaN | EC:91:61:6E:45:ED @ CH40 (5200.0MHz),NaN | 00:72:EE:34:2A:D3 @ CH6 (2437.0MHz),OI-HQ-ERM-2.4g | B6:22:FF:F8:A8:0A @ CH6 (2437.0MHz),NaN | EC:91:61:6E:45:ED @ CH36 (5180.0MHz),NaN | 2C:CF:67:D8:AF:13 @ CH36 (5180.0MHz),NaN | 00:00:00:00:00:00 @ CH40 (5200.0MHz),OI-HQ-ERM-5g | 6E:E2:63:83:99:6F @ CH36 (5180.0MHz),NaN | 00:00:00:00:00:00 @ CH36 (5180.0MHz),NaN | F0:77:C3:05:E4:9D @ CH40 (5200.0MHz),NaN | 62:DB:F0:A7:A9:93 @ CH4 (2427.0MHz),NaN | 4C:79:6E:D5:C0:B9 @ CH36 (5180.0MHz),NaN | 5E:7D:E8:02:E6:08 @ CH36 (5180.0MHz),NaN | 4C:79:6E:D5:C0:B9 @ CH40 (5200.0MHz),SpectrumSetup-BD | 74:37:5F:4A:23:CF @ CH10 (2457.0MHz),AC:23:16:29:92:32 | AC:23:16:29:92:32 @ CH10 (2457.0MHz),AC:23:16:29:92:33 | AC:23:16:29:92:33 @ CH10 (2457.0MHz),NaN | 48:51:C5:BA:44:92 @ CH40 (5200.0MHz),NaN | 64:49:7D:62:61:37 @ CH40 (5200.0MHz),perfumeplaza | 90:D3:CF:04:BD:92 @ CH40 (5200.0MHz),AC:23:16:29:7F:11 | AC:23:16:29:7F:11 @ CH6 (2437.0MHz),NaN | 84:9E:56:52:3D:43 @ CH40 (5200.0MHz),NaN | 4E:E8:B8:2A:93:8E @ CH4 (2427.0MHz),NaN | 84:9E:56:52:3D:43 @ CH36 (5180.0MHz),NaN | 64:49:7D:62:61:37 @ CH36 (5180.0MHz),iPhone | EE:B6:CF:02:EF:D7 @ CH6 (2437.0MHz),NaN | 48:51:C5:BA:44:92 @ CH36 (5180.0MHz),NaN | 64:49:7D:62:61:37 @ CH48 (5240.0MHz),NaN | 4C:79:6E:D5:C0:B9 @ CH48 (5240.0MHz),MySpectrumWiFi54-5G | 78:29:ED:69:6B:53 @ CH40 (5200.0MHz),NaN | 91:D3:CF:04:BD:92 @ CH48 (5240.0MHz),NaN | FC:B0:DE:2F:7D:19 @ CH48 (5240.0MHz),NaN | 3C:58:C2:6D:0A:D3 @ CH48 (5240.0MHz),NaN | EC:91:61:9D:AA:21 @ CH48 (5240.0MHz),BBW-Guest-Wifi | AC:23:16:29:92:54 @ CH52 (5260.0MHz),NaN | 84:9E:56:52:3D:43 @ CH48 (5240.0MHz),OI-HQ-ERM-5g | 6E:E2:63:83:99:6F @ CH52 (5260.0MHz),NaN | 48:51:C5:BA:44:92 @ CH48 (5240.0MHz),NaN | C0:35:32:DB:72:4B @ CH52 (5260.0MHz),AC:23:16:29:92:51 | AC:23:16:29:92:51 @ CH52 (5260.0MHz),AC:23:16:29:92:52 | AC:23:16:29:92:52 @ CH52 (5260.0MHz),NaN | BA:52:C9:56:40:2C @ CH48 (5240.0MHz),AC:23:16:29:92:53 | AC:23:16:29:92:53 @ CH52 (5260.0MHz),OI-HQ-ERM-Starlink | AE:62:55:3B:2B:C9 @ CH48 (5240.0MHz),OI-HQ-ERM-5g | 6E:E2:63:83:99:6F @ CH48 (5240.0MHz),DA:55:B8:0B:17:B8 | DA:55:B8:0B:17:B8 @ CH104 (5520.0MHz),NaN | 18:A5:FF:FC:BD:E7 @ CH161 (5805.0MHz),NaN | 00:A5:54:30:DB:6C @ CH3 (2422.0MHz),OI-HQ-ERM-2.4g | B6:22:FF:F8:A8:0A @ CH3 (2422.0MHz),NaN | C0:35:32:DB:72:4B @ CH161 (5805.0MHz),AE:62:55:7B:2B:C9 | AE:62:55:7B:2B:C9 @ CH153 (5765.0MHz),OI-HQ-ERM-Starlink | AE:62:55:4B:2B:C9 @ CH153 (5765.0MHz),NaN | B0:7D:64:57:35:05 @ CH3 (2422.0MHz),NaN | 5C:61:99:94:C0:7F @ CH3 (2422.0MHz),MySpectrumWiFie8-2G | F0:81:75:D8:C7:EE @ CH6 (2437.0MHz),NaN | C0:35:32:DB:72:4B @ CH3 (2422.0MHz),NaN | 14:B5:CD:1E:10:B3 @ CH3 (2422.0MHz),NaN | 2C:9C:58:58:FB:ED @ CH36 (5180.0MHz),NaN | 00:A5:54:30:DB:6C @ CH6 (2437.0MHz),NaN | 48:51:C5:BA:44:92 @ CH44 (5220.0MHz),NaN | EC:91:61:9D:AA:21 @ CH44 (5220.0MHz),NaN | D4:95:24:7C:6B:B9 @ CH44 (5220.0MHz),NaN | 2C:CF:67:D8:AF:13 @ CH44 (5220.0MHz),NaN | 64:49:7D:62:61:37 @ CH44 (5220.0MHz),NaN | 3C:58:C2:6D:0A:D3 @ CH44 (5220.0MHz),NaN | 2C:9C:58:58:FB:ED @ CH44 (5220.0MHz),NaN | EC:91:61:6E:45:ED @ CH44 (5220.0MHz),NaN | 91:D3:CF:04:BD:92 @ CH40 (5200.0MHz),NaN | 4C:79:6E:D5:C0:B9 @ CH44 (5220.0MHz),perfumeplaza | 90:D3:CF:04:BD:92 @ CH44 (5220.0MHz),AC:23:16:29:92:52 | AC:23:16:29:92:52 @ CH56 (5280.0MHz),82:07:7D:BD:A4:8B | 82:07:7D:BD:A4:8B @ CH44 (5220.0MHz),NaN | 04:68:74:86:FC:27 @ CH44 (5220.0MHz),AC:23:16:29:92:53 | AC:23:16:29:92:53 @ CH56 (5280.0MHz),NaN | F0:77:C3:05:E4:9D @ CH44 (5220.0MHz),NaN | FC:B0:DE:2F:7D:19 @ CH52 (5260.0MHz),ASHA CORI INC | 54:07:7D:BD:A4:89 @ CH44 (5220.0MHz),AC:23:16:29:92:51 | AC:23:16:29:92:51 @ CH56 (5280.0MHz),OI-HQ-ERM-Starlink | AE:62:55:3B:2B:C9 @ CH44 (5220.0MHz),NaN | 78:93:C3:CB:6B:01 @ CH44 (5220.0MHz),OI-HQ-ERM-5g | 6E:E2:63:83:99:6F @ CH44 (5220.0MHz),Spectrum Mobile | 72:D3:CF:04:BD:92 @ CH44 (5220.0MHz),NaN | 00:00:00:00:00:00 @ CH44 (5220.0MHz),NaN | FC:B0:DE:2F:7D:19 @ CH44 (5220.0MHz),NaN | C8:1C:FE:3F:1B:B5 @ CH104 (5520.0MHz),VT_WiFi | E2:55:B8:0B:17:B8 @ CH104 (5520.0MHz),AC:23:16:29:7F:C2 | AC:23:16:29:7F:C2 @ CH140 (5700.0MHz),AC:23:16:29:7F:C1 | AC:23:16:29:7F:C1 @ CH140 (5700.0MHz),AC:23:16:29:7F:A3 | AC:23:16:29:7F:A3 @ CH2 (2417.0MHz),NaN | 00:A5:54:30:DB:6C @ CH2 (2417.0MHz),AC:23:16:29:7F:A2 | AC:23:16:29:7F:A2 @ CH2 (2417.0MHz),NaN | 9C:76:13:F6:C5:C3 @ CH11 (2462.0MHz),SpectrumSetup-BD | 74:37:5F:4A:23:CF @ CH11 (2462.0MHz),NaN | B2:87:76:15:8C:16 @ CH40 (5200.0MHz),AC:23:16:29:92:31 | AC:23:16:29:92:31 @ CH11 (2462.0MHz),NaN | 5C:47:5E:19:55:77 @ CH11 (2462.0MHz),AC:23:16:29:92:32 | AC:23:16:29:92:32 @ CH11 (2462.0MHz),AC:23:16:29:92:33 | AC:23:16:29:92:33 @ CH11 (2462.0MHz),NaN | 5C:47:5E:27:39:39 @ CH11 (2462.0MHz),AC:23:16:29:7F:A1 | AC:23:16:29:7F:A1 @ CH2 (2417.0MHz),AC:23:16:29:7F:13 | AC:23:16:29:7F:13 @ CH6 (2437.0MHz),AC:23:16:29:7F:12 | AC:23:16:29:7F:12 @ CH6 (2437.0MHz),AE:62:55:5B:2B:C9 | AE:62:55:5B:2B:C9 @ CH2 (2417.0MHz),NaN | 74:37:5F:4A:23:CC @ CH11 (2462.0MHz),AE:62:55:8B:2B:C9 | AE:62:55:8B:2B:C9 @ CH2 (2417.0MHz),NaN | FA:FF:62:DF:B8:1A @ CH40 (5200.0MHz),NaN | 00:BD:3E:72:30:3F @ CH11 (2462.0MHz),NaN | 2C:9C:58:58:FB:ED @ CH40 (5200.0MHz),BBW-Guest-Wifi | AC:23:16:29:92:34 @ CH11 (2462.0MHz),NaN | 84:9E:56:52:3D:43 @ CH44 (5220.0MHz),NaN | 64:49:7D:62:61:37 @ CH56 (5280.0MHz),NaN | FA:FF:62:DF:B8:1A @ CH44 (5220.0MHz),NaN | FA:FF:62:DF:B8:1A @ CH48 (5240.0MHz),NaN | 92:ED:E4:F6:36:12 @ CH44 (5220.0MHz),NaN | 4C:79:6E:D5:C0:B9 @ CH60 (5300.0MHz),NaN | 4C:79:6E:D5:C0:B9 @ CH56 (5280.0MHz),NaN | 2C:9C:58:58:FB:ED @ CH48 (5240.0MHz),NaN | FC:B0:DE:2F:7D:19 @ CH56 (5280.0MHz),NaN | 00:00:00:00:00:00 @ CH48 (5240.0MHz),NaN | EC:91:61:6E:45:ED @ CH48 (5240.0MHz),NaN | F0:77:C3:05:E4:9D @ CH48 (5240.0MHz),NaN | 3C:58:C2:6D:0A:D3 @ CH56 (5280.0MHz),NaN | C0:35:32:DB:72:4B @ CH48 (5240.0MHz),NaN | 3C:58:C2:6D:0A:D3 @ CH60 (5300.0MHz),NaN | C0:35:32:DB:72:4B @ CH44 (5220.0MHz),NaN | C8:1C:FE:3F:1B:B5 @ CH108 (5540.0MHz),Store_Wifi | E6:55:B8:0B:17:B8 @ CH104 (5520.0MHz),AC:23:16:29:7F:11 | AC:23:16:29:7F:11 @ CH5 (2432.0MHz),AE:62:55:8B:2B:C9 | AE:62:55:8B:2B:C9 @ CH5 (2432.0MHz),AC:23:16:29:7F:11 | AC:23:16:29:7F:11 @ CH7 (2442.0MHz),iPhone | EE:B6:CF:02:EF:D7 @ CH5 (2432.0MHz),AC:23:16:29:7F:12 | AC:23:16:29:7F:12 @ CH7 (2442.0MHz),AC:23:16:29:7F:13 | AC:23:16:29:7F:13 @ CH7 (2442.0MHz),MySpectrumWiFi54-2G | 78:29:ED:69:6B:52 @ CH11 (2462.0MHz),AC:23:16:29:7F:A1 | AC:23:16:29:7F:A1 @ CH1 (2412.0MHz),NaN | 00:A5:54:30:DB:6C @ CH5 (2432.0MHz),BBW-Guest-Wifi | AC:23:16:29:7F:14 @ CH7 (2442.0MHz),AE:62:55:5B:2B:C9 | AE:62:55:5B:2B:C9 @ CH5 (2432.0MHz),NaN | BA:52:C9:56:40:2C @ CH36 (5180.0MHz),NaN | B0:7D:64:57:35:05 @ CH5 (2432.0MHz),MySpectrumWiFi54-2G | 78:29:ED:69:6B:52 @ CH5 (2432.0MHz),iPhone | EE:B6:CF:02:EF:D7 @ CH11 (2462.0MHz),NaN | 90:10:57:F7:E6:03 @ CH52 (5260.0MHz),NaN | EC:91:61:9D:AA:21 @ CH52 (5260.0MHz),NaN | C0:35:32:DB:72:4B @ CH36 (5180.0MHz),NaN | BA:52:C9:56:40:2C @ CH44 (5220.0MHz),NaN | F0:77:C3:05:E4:9D @ CH52 (5260.0MHz),NaN | 7C:70:DB:41:33:13 @ CH48 (5240.0MHz),NaN | 64:49:7D:62:61:37 @ CH52 (5260.0MHz),NaN | 3C:58:C2:6D:0A:D3 @ CH52 (5260.0MHz),NaN | 04:68:74:86:FC:27 @ CH60 (5300.0MHz),NaN | 04:68:74:86:FC:27 @ CH48 (5240.0MHz),NaN | 00:00:00:00:00:00 @ CH52 (5260.0MHz),NaN | 2C:CF:67:D8:AF:13 @ CH48 (5240.0MHz),NaN | 4C:79:6E:D5:C0:B9 @ CH52 (5260.0MHz),AE:62:55:6B:2B:C9 | AE:62:55:6B:2B:C9 @ CH44 (5220.0MHz),NaN | 00:A5:54:30:DB:6C @ CH112 (5560.0MHz),BBW-Guest-Wifi | AC:23:16:29:7F:C4 @ CH140 (5700.0MHz),AC:23:16:29:7F:C3 | AC:23:16:29:7F:C3 @ CH140 (5700.0MHz),WF2_3030f942673c | 30:30:F9:42:67:3D @ CH1 (2412.0MHz),TMOBILE-massage | 64:67:72:3D:59:61 @ CH1 (2412.0MHz),BBW-Guest-Wifi | AC:23:16:29:92:34 @ CH10 (2457.0MHz),AC:23:16:29:92:31 | AC:23:16:29:92:31 @ CH10 (2457.0MHz),NaN | E0:3E:44:10:92:50 @ CH52 (5260.0MHz),NaN | EC:91:61:6E:45:ED @ CH52 (5260.0MHz),OI-HQ-ERM-Starlink | AE:62:55:3B:2B:C9 @ CH52 (5260.0MHz),AC:23:16:29:7F:32 | AC:23:16:29:7F:32 @ CH100 (5500.0MHz),BBW-Guest-Wifi | AC:23:16:29:7F:34 @ CH100 (5500.0MHz),AC:23:16:29:7F:31 | AC:23:16:29:7F:31 @ CH100 (5500.0MHz),AC:23:16:29:7F:33 | AC:23:16:29:7F:33 @ CH100 (5500.0MHz),NaN | EC:91:61:9D:AA:21 @ CH3 (2422.0MHz),NaN | E0:3E:44:10:A6:68 @ CH9 (2452.0MHz),NaN | 34:98:7A:FC:8F:38 @ CH3 (2422.0MHz),NaN | C0:F5:35:F2:BC:35 @ CH3 (2422.0MHz),Store_Wifi | E4:55:A8:0B:17:B8 @ CH6 (2437.0MHz),BBW-Guest-Wifi | AC:23:16:29:7F:14 @ CH9 (2452.0MHz),NaN | CC:BA:97:13:9B:54 @ CH3 (2422.0MHz),NaN | C0:F5:35:4C:9B:24 @ CH44 (5220.0MHz),NaN | 00:D4:9E:C6:B6:2D @ CH44 (5220.0MHz),NaN | F0:81:75:0E:64:8F @ CH44 (5220.0MHz),NaN | 84:5C:F3:26:FD:B8 @ CH44 (5220.0MHz),NaN | 84:90:0A:B5:0F:6C @ CH44 (5220.0MHz),Store_Wifi | E6:55:B8:0B:17:B8 @ CH108 (5540.0MHz),NaN | 34:98:7A:FC:8F:38 @ CH2 (2417.0MHz),00:15:70:CC:1B:D0 | 00:15:70:CC:1B:D0 @ CH6 (2437.0MHz),NaN | 34:98:7A:FC:8F:38 @ CH6 (2437.0MHz),OI-HQ-ERM-Starlink | AE:62:55:2B:2B:C9 @ CH2 (2417.0MHz),ASHA CORI INC | 54:07:7D:BD:A4:8A @ CH8 (2447.0MHz),NaN | 64:9A:63:35:BA:EB @ CH11 (2462.0MHz),SpectrumSetup-BD | 74:37:5F:4A:23:CF @ CH40 (5200.0MHz),00:15:70:CC:1B:D1 | 00:15:70:CC:1B:D1 @ CH8 (2447.0MHz),iPhone | EE:B6:CF:02:EF:D7 @ CH8 (2447.0MHz),NaN | F0:22:1D:82:49:1A @ CH8 (2447.0MHz),NaN | 90:D3:CF:04:BD:91 @ CH11 (2462.0MHz),NaN | 2C:9C:58:58:FB:ED @ CH56 (5280.0MHz),NaN | BA:52:C9:56:40:2C @ CH40 (5200.0MHz),NaN | 73:D3:CF:04:BD:92 @ CH48 (5240.0MHz),NaN | 7C:70:DB:41:33:13 @ CH44 (5220.0MHz),Store_Wifi | E4:55:A8:0B:17:B8 @ CH104 (5520.0MHz),NaN | 40:E1:E4:83:58:60 @ CH161 (5805.0MHz),NaN | 78:29:ED:4C:CB:4E @ CH161 (5805.0MHz),NaN | 94:BD:BE:89:37:04 @ CH161 (5805.0MHz),MySpectrumWiFi54-2G | 78:29:ED:69:6B:52 @ CH7 (2442.0MHz),OI-HQ-ERM-2.4g | B6:22:FF:F8:A8:0A @ CH5 (2432.0MHz),NaN | 64:9A:63:35:BA:EB @ CH36 (5180.0MHz),NaN | 5C:47:5E:27:39:39 @ CH36 (5180.0MHz),NaN | 14:B5:CD:1E:10:B3 @ CH5 (2432.0MHz),iPhone | EE:B6:CF:02:EF:D7 @ CH7 (2442.0MHz),NaN | EC:91:61:9C:EB:97 @ CH5 (2432.0MHz),NaN | B0:7D:64:57:35:05 @ CH44 (5220.0MHz),NaN | 94:83:C4:A2:C1:20 @ CH44 (5220.0MHz),NaN | 8A:26:F8:D4:8A:A3 @ CH52 (5260.0MHz),NaN | 48:51:C5:BA:44:92 @ CH52 (5260.0MHz),NaN | C2:F4:A6:21:8B:A4 @ CH48 (5240.0MHz),NaN | C2:F4:A6:21:8B:A4 @ CH44 (5220.0MHz),NaN | B0:7D:64:57:35:05 @ CH48 (5240.0MHz),NaN | 73:D3:CF:04:BD:92 @ CH44 (5220.0MHz),NaN | EA:FE:5C:03:2E:86 @ CH44 (5220.0MHz),NaN | 00:A5:54:30:DB:6C @ CH108 (5540.0MHz),NaN | 6A:E5:55:AF:BA:CF @ CH36 (5180.0MHz),NaN | 00:A5:54:30:DB:6C @ CH1 (2412.0MHz),NaN | 34:98:7A:FC:8F:38 @ CH10 (2457.0MHz),VT_WiFi | E2:55:A8:0B:17:B8 @ CH6 (2437.0MHz),AE:62:55:8B:2B:C9 | AE:62:55:8B:2B:C9 @ CH4 (2427.0MHz),NaN | 6A:E5:55:AF:BA:CF @ CH48 (5240.0MHz),NaN | 7C:70:DB:41:33:13 @ CH40 (5200.0MHz),NaN | 04:68:74:86:FC:27 @ CH52 (5260.0MHz),NaN | 6A:E5:55:AF:BA:CF @ CH40 (5200.0MHz),NaN | 2C:9C:58:58:FB:ED @ CH52 (5260.0MHz),NaN | 73:D3:CF:04:BD:92 @ CH40 (5200.0MHz),NaN | E0:3E:44:10:7F:30 @ CH64 (5320.0MHz),NaN | E0:D4:64:D9:81:5E @ CH64 (5320.0MHz),NaN | 2C:9C:58:58:FB:ED @ CH3 (2422.0MHz),NaN | 62:DB:F0:A7:A9:93 @ CH3 (2422.0MHz),OI-HQ-ERM-Starlink | AE:62:55:2B:2B:C9 @ CH3 (2422.0MHz),NaN | B0:7D:64:57:35:05 @ CH6 (2437.0MHz),NaN | C8:1C:FE:3F:4B:83 @ CH6 (2437.0MHz),NaN | 2C:CF:67:D8:AF:1C @ CH3 (2422.0MHz),NaN | 06:55:8E:E1:CF:E8 @ CH9 (2452.0MHz),NaN | 6A:E5:55:AF:BA:CF @ CH44 (5220.0MHz),NaN | 94:83:C4:A2:C1:20 @ CH6 (2437.0MHz),MySpectrumWiFi48-2G | 34:49:5B:C2:24:4E @ CH6 (2437.0MHz),AC:23:16:29:7F:A3 | AC:23:16:29:7F:A3 @ CH6 (2437.0MHz),NaN | 2C:9C:58:58:FB:ED @ CH2 (2417.0MHz),NaN | B8:2C:A0:E1:66:4A @ CH11 (2462.0MHz),NaN | EC:91:61:6E:45:ED @ CH56 (5280.0MHz),NaN | 00:00:00:00:00:00 @ CH56 (5280.0MHz),OI-HQ-ERM-Starlink | AE:62:55:3B:2B:C9 @ CH56 (5280.0MHz),NaN | CC:BA:97:13:9B:54 @ CH44 (5220.0MHz),NaN | 48:51:C5:BA:44:92 @ CH60 (5300.0MHz),NaN | 4A:8A:7D:CE:F2:F6 @ CH153 (5765.0MHz),NaN | F0:81:75:D8:C7:EF @ CH157 (5785.0MHz),NaN | 74:37:5F:4A:23:CE @ CH157 (5785.0MHz),NaN | 94:BD:BE:89:37:04 @ CH157 (5785.0MHz),NaN | 16:37:5F:4A:23:CE @ CH157 (5785.0MHz),AC:23:16:29:7F:12 | AC:23:16:29:7F:12 @ CH5 (2432.0MHz),NaN | 00:72:EE:34:2A:D3 @ CH5 (2432.0MHz),WF2_ecda3b7ad5d4 | EC:DA:3B:7A:D5:D5 @ CH5 (2432.0MHz),NaN | D0:3F:27:78:89:33 @ CH5 (2432.0MHz),NaN | 9A:2A:C2:84:2A:27 @ CH44 (5220.0MHz),NaN | BA:52:C9:56:40:2C @ CH52 (5260.0MHz),NaN | 9A:2A:C2:84:2A:27 @ CH48 (5240.0MHz),NaN | 00:A5:54:30:DB:6C @ CH100 (5500.0MHz),NaN | 2C:CF:67:D8:AF:13 @ CH60 (5300.0MHz),NaN | 4C:79:6E:D5:C0:B9 @ CH108 (5540.0MHz),NaN | A6:05:D0:EE:FE:BC @ CH10 (2457.0MHz),NaN | 2C:9C:58:58:FB:ED @ CH161 (5805.0MHz),OI-HQ-ERM-2.4g | B6:22:FF:F8:A8:0A @ CH4 (2427.0MHz),NaN | 82:48:1F:44:56:02 @ CH10 (2457.0MHz),NaN | E4:55:A8:0B:17:B7 @ CH1 (2412.0MHz),AC:23:16:29:7F:A1 | AC:23:16:29:7F:A1 @ CH4 (2427.0MHz),NaN | 84:9E:56:52:3D:43 @ CH52 (5260.0MHz),NaN | A6:EA:F3:42:0E:56 @ CH10 (2457.0MHz),NaN | 94:83:C4:A2:C1:1F @ CH40 (5200.0MHz),NaN | A8:4A:63:CA:CF:38 @ CH40 (5200.0MHz),NaN | D0:3F:27:78:89:33 @ CH3 (2422.0MHz),NaN | 00:A5:54:30:DB:6C @ CH44 (5220.0MHz),NaN | E4:55:A8:0B:17:B7 @ CH52 (5260.0MHz),OI-HQ-ERM-Starlink | AE:62:55:3B:2B:C9 @ CH60 (5300.0MHz),NaN | 2C:9C:58:58:FB:ED @ CH60 (5300.0MHz),NaN | EC:91:61:9D:AA:21 @ CH60 (5300.0MHz),NaN | EC:91:61:6E:45:ED @ CH60 (5300.0MHz),OI-HQ-ERM-5g | 6E:E2:63:83:99:6F @ CH60 (5300.0MHz),NaN | 78:29:ED:6F:49:25 @ CH6 (2437.0MHz),NaN | 2C:9C:58:58:FB:ED @ CH165 (5825.0MHz),TMOBILE-BDE4 | 18:A5:FF:FC:BD:E6 @ CH6 (2437.0MHz),NaN | DC:E9:94:1B:FB:54 @ CH8 (2447.0MHz),NaN | 2C:9C:58:58:FB:ED @ CH157 (5785.0MHz),NaN | 00:72:EE:34:2A:D3 @ CH8 (2447.0MHz),NaN | 54:E0:19:E9:32:49 @ CH6 (2437.0MHz),NaN | F0:77:C3:05:E4:9D @ CH56 (5280.0MHz),NaN | 1E:E2:38:0F:CD:C5 @ CH48 (5240.0MHz),NaN | 48:51:C5:BA:44:92 @ CH56 (5280.0MHz),OI-HQ-ERM-5g | 6E:E2:63:83:99:6F @ CH56 (5280.0MHz),NaN | 2C:CF:67:D8:AF:13 @ CH56 (5280.0MHz),NaN | 64:49:7D:62:61:37 @ CH60 (5300.0MHz),NaN | 00:72:EE:34:2A:D3 @ CH7 (2442.0MHz),NaN | DE:2A:56:52:07:95 @ CH1 (2412.0MHz),NaN | 62:DB:F0:A7:A9:93 @ CH5 (2432.0MHz),NaN | 64:9A:63:6D:C3:AF @ CH11 (2462.0MHz),NaN | 00:A5:54:30:DB:6C @ CH64 (5320.0MHz),NaN | 34:49:5B:C2:24:4F @ CH157 (5785.0MHz),NaN | EC:91:61:9D:AA:21 @ CH1 (2412.0MHz),MySpectrumWiFie8-2G | F0:81:75:D8:C7:EE @ CH10 (2457.0MHz),NaN | EC:91:61:9D:AA:21 @ CH4 (2427.0MHz),BBW-Guest-Wifi | AC:23:16:29:7F:A4 @ CH4 (2427.0MHz),NaN | 3C:58:C2:6D:0A:D3 @ CH4 (2427.0MHz),VT_WiFi | E2:55:B8:0B:17:B7 @ CH52 (5260.0MHz),NaN | C8:1C:FE:3F:1B:B5 @ CH100 (5500.0MHz),NaN | 7C:70:DB:41:33:13 @ CH3 (2422.0MHz),NaN | C0:F5:35:4C:9B:24 @ CH3 (2422.0MHz),NaN | F4:C8:8A:F5:07:BC @ CH161 (5805.0MHz),NaN | F0:22:1D:82:49:AD @ CH9 (2452.0MHz),NaN | CC:BA:97:13:9B:54 @ CH2 (2417.0MHz)
2025-10-22,15:24:48,0.0,0.0,0.0,0.0,-58.0,-66.0,-48.0,-86.0,-58.0,-84.0,-68.0,-86.0,-62.0,-86.0,-64.0,-52.0,-60.0,-58.0,,,,,,,,,,,,,,,,,,,,,,,,,,,,,,,,,,,,,,,,,,,,,,,,,,,,,,,,,,,,,,,,,,,,,,,,,,,,,,,,,,,,,,,,,,,,,,,,,,,,,,,,,,,,,,,,,,,,,,,,,,,,,,,,,,,,,,,,,,,,,,,,,,,,,,,,,,,,,,,,,,,,,,,,,,,,,,,,,,,,,,,,,,,,,,,,,,,,,,,,,,,,,,,,,,,,,,,,,,,,,,,,,,,,,,,,,,,,,,,,,,,,,,,,,,,,,,,,,,,,,,,,,,,,,,,,,,,,,,,,,,,,,,,,,,,,,,,,,,,,,,,,,,,,,,,,,,,,,,,,,,,,,,,,,,,,,,
2025-10-22,15:24:49,0.0,0.0,0.0,0.0,,,,,,,,,,,,,,,-60.0,-80.0,-60.0,-51.0,-46.0,-60.0,-70.0,-36.0,-64.0,-36.0,-50.0,-60.0,-50.0,-46.0,-50.0,-58.0,-80.0,-46.0,-50.0,-60.0,-60.0,-46.0,-52.0,-68.0,-50.0,-40.0,-65.0,-39.0,-79.0,-46.0,-44.0,-50.0,-50.0,-46.0,-80.0,-72.0,-82.0,-46.0,-46.0,-88.0,-66.0,-46.0,-76.0,-50.0,-50.0,-64.0,-50.0,,,,,,,,,,,,,,,,,,,,,,,,,,,,,,,,,,,,,,,,,,,,,,,,,,,,,,,,,,,,,,,,,,,,,,,,,,,,,,,,,,,,,,,,,,,,,,,,,,,,,,,,,,,,,,,,,,,,,,,,,,,,,,,,,,,,,,,,,,,,,,,,,,,,,,,,,,,,,,,,,,,,,,,,,,,,,,,,,,,,,,,,,,,,,,,,,,,,,,,,,,,,,,,,,,,,,,,,,,,,,,,,,,,,,,,,,,,,,,,,,,,,,,,,,,,,,,,,,,,,,,,,,,,,,,,,,,,,,,,,,,,,,,,
2025-10-22,15:24:50,0.0,0.0,0.0,0.0,,,,-87.0,,-81.0,,-82.0,,-83.0,,,,,,,-60.0,,-46.0,,,-36.0,,-36.0,,,,-46.0,,,,-46.0,,,-60.0,-46.0,,,,,-65.0,,,,,,,-46.0,,,,,-46.0,-87.0,,,,,,,,-60.0,-46.0,-80.0,-88.0,-68.0,-61.0,-56.0,-84.0,-61.0,-62.0,-61.0,-61.0,-89.0,-89.0,-59.0,-88.0,-67.0,-61.0,,,,,,,,,,,,,,,,,,,,,,,,,,,,,,,,,,,,,,,,,,,,,,,,,,,,,,,,,,,,,,,,,,,,,,,,,,,,,,,,,,,,,,,,,,,,,,,,,,,,,,,,,,,,,,,,,,,,,,,,,,,,,,,,,,,,,,,,,,,,,,,,,,,,,,,,,,,,,,,,,,,,,,,,,,,,,,,,,,,,,,,,,,,,,,,,,,,,,,,,,,,,,,,,,,,,,,,,,,,,,,,,,,,,,,,,,,,,,,,,,,,,,,,,,,,,,,,,,,,,,,,,,,,,,
2025-10-22,15:24:51,27.95403,-81.61531998,-1.9,94.4,,,,,,,,,,,,,,,,,,,,,,,,,,,,,,,,,,,,,,,,,,,,,,,,,,,,,,,,,,,,,,,,,,,,,,,,,,,,,,,,-82.0,,,,,,,,,,,,,,,,,,,,,,,,,,,,,,,,,,,,,,,,,,,,,,,,,,,,,,,,,,,,,,,,,,,,,,,,,,,,,,,,,,,,,,,,,,,,,,,,,,,,,,,,,,,,,,,,,,,,,,,,,,,,,,,,,,,,,,,,,,,,,,,,,,,,,,,,,,,,,,,,,,,,,,,,,,,,,,,,,,,,,,,,,,,,,,,,,,,,,,,,,,,,,,,,,,,,,,,,,,,,,,,,,,,,,,,,,,,,,,,,,,,,,,,,,,,,,,,,,,,,,,,,,,,,
2025-10-22,15:24:53,27.95403,-81.61531998,-2.0,94.4,,,,,,,,,,,,,,,,,,,,,,,,,,,,,,,,,,,,,,,,,,,,,,,,,,,,,,,,,,,,,,,,,,,,,,,,,,,,,,,,,-71.0,-39.0,-40.0,-72.0,-41.0,-68.0,-39.0,,,,,,,,,,,,,,,,,,,,,,,,,,,,,,,,,,,,,,,,,,,,,,,,,,,,,,,,,,,,,,,,,,,,,,,,,,,,,,,,,,,,,,,,,,,,,,,,,,,,,,,,,,,,,,,,,,,,,,,,,,,,,,,,,,,,,,,,,,,,,,,,,,,,,,,,,,,,,,,,,,,,,,,,,,,,,,,,,,,,,,,,,,,,,,,,,,,,,,,,,,,,,,,,,,,,,,,,,,,,,,,,,,,,,,,,,,,,,,,,,,,,,,,,,,,,,,,,,,,,,
2025-10-22,15:24:54,27.95403,-81.61531998,-2.0,94.4,,,,,,,,,,,,,,,-62.0,-64.0,-64.0,,-51.0,,,-39.0,-60.0,-39.0,-61.0,-62.0,-62.0,-51.0,,,,-51.0,-61.0,-61.0,-61.0,,,-38.0,-61.0,,,-62.0,-86.0,-51.0,,-61.0,,-51.0,,,,-51.0,-52.0,,-64.0,,,-62.0,-62.0,,-61.0,,,,,,,,,,,,,,,,,,,,,-38.0,-38.0,,,,-38.0,-39.0,-80.0,-56.0,-38.0,-61.0,-40.0,,,,,,,,,,,,,,,,,,,,,,,,,,,,,,,,,,,,,,,,,,,,,,,,,,,,,,,,,,,,,,,,,,,,,,,,,,,,,,,,,,,,,,,,,,,,,,,,,,,,,,,,,,,,,,,,,,,,,,,,,,,,,,,,,,,,,,,,,,,,,,,,,,,,,,,,,,,,,,,,,,,,,,,,,,,,,,,,,,,,,,,,,,,,,,,,,,,,,,,,,,,,,,,,,,,,,,,,,,,,,,,,,,,,,,,,,,,,,,,,,,,,,,,,,,,,,,,
2025-10-22,15:24:55,27.95403,-81.61531998,-2.0,94.4,,,,,,,,,,,,,,,,,-64.0,,-51.0,-59.0,,-39.0,,-39.0,,,,-51.0,,,,-51.0,,,-64.0,,,,,,-80.0,,,-51.0,,,,-51.0,,,,,-52.0,,,,,,,,,,,-80.0,,,,,-92.0,,-70.0,,,-92.0,,,-91.0,,,,,,,,,,,,,,,,,-46.0,-45.0,-86.0,-36.0,-46.0,-46.0,-46.0,-46.0,-91.0,-46.0,-89.0,-90.0,-88.0,-46.0,-92.0,-46.0,-61.0,-88.0,-90.0,-61.0,-88.0,-36.0,-88.0,-65.0,-60.0,,,,,,,,,,,,,,,,,,,,,,,,,,,,,,,,,,,,,,,,,,,,,,,,,,,,,,,,,,,,,,,,,,,,,,,,,,,,,,,,,,,,,,,,,,,,,,,,,,,,,,,,,,,,,,,,,,,,,,,,,,,,,,,,,,,,,,,,,,,,,,,,,,,,,,,,,,,,,,,,,,,,,,,,,,,,,,,,,,,,,,,,,,,,,,,,,,,,,,,,,,,,,,,,,,,,,,,,,,,,,,,,,,,,,,
2025-10-22,15:24:56,27.95403,-81.61531998,-2.0,94.4,,,,,,,,,,,,,,,,,,,,,,,,,,,,,,,,,,,,,,,,,,,,,,,,,,,,,,,,,,,,,,,,,,,,,,,,,,,,,,,,-84.0,,,,,,,,,,,,,,,,,,,,,,,,,,,,,,,,,,,,,,,-85.0,-84.0,,,,,,,,,,,,,,,,,,,,,,,,,,,,,,,,,,,,,,,,,,,,,,,,,,,,,,,,,,,,,,,,,,,,,,,,,,,,,,,,,,,,,,,,,,,,,,,,,,,,,,,,,,,,,,,,,,,,,,,,,,,,,,,,,,,,,,,,,,,,,,,,,,,,,,,,,,,,,,,,,,,,,,,,,,,,,,,,,,,,,,,,,,,,,,,,,,,,,,,,,,,,,,,,,,,,,,,,,,,,,,,,,,,,
2025-10-22,15:24:57,27.954019979999998,-81.61531998,-2.0,94.4,,,,,,,,,,,,,,,,,,,,,,,,,,,,,,,,,,,,,,,,,,,,,,,,,,,,,,,,,,,,,,,,,,,,,,,,,,,,,,,,,,,,,,,,,,,,,,,,,,,,,,,,,,,,,,,,,,,,,,,,,-83.0,-84.0,,,,,,,,,,,,,,,,,,,,,,,,,,,,,,,,,,,,,,,,,,,,,,,,,,,,,,,,,,,,,,,,,,,,,,,,,,,,,,,,,,,,,,,,,,,,,,,,,,,,,,,,,,,,,,,,,,,,,,,,,,,,,,,,,,,,,,,,,,,,,,,,,,,,,,,,,,,,,,,,,,,,,,,,,,,,,,,,,,,,,,,,,,,,,,,,,,,,,,,,,,,,,,,,,,,,,,,,,,,,,,,,,,
2025-10-22,15:24:58,27.954019979999998,-81.61531998,-2.0,94.4,,,,,,,,,,,,,,,,,,,,,,,,,,,,,,,,,,,,,,,,,,,,,,,,,,,,,,,,,,,,,,,,,,,,,,,,,,,,,,,,,,,,,-70.0,-66.0,,,,,,,,,,,,,,,,,,,,,,,,,,,,,,,,,,,,,-68.0,-42.0,-74.0,,,,,,,,,,,,,,,,,,,,,,,,,,,,,,,,,,,,,,,,,,,,,,,,,,,,,,,,,,,,,,,,,,,,,,,,,,,,,,,,,,,,,,,,,,,,,,,,,,,,,,,,,,,,,,,,,,,,,,,,,,,,,,,,,,,,,,,,,,,,,,,,,,,,,,,,,,,,,,,,,,,,,,,,,,,,,,,,,,,,,,,,,,,,,,,,,,,,,,,,,,,,,,,,,,,,,,,,,,,,,,,
2025-10-22,15:24:59,27.954019979999998,-81.61531998,-1.9,94.4,,,,,,,,,,,,,,,,-62.0,-66.0,,-56.0,,,-43.0,-60.0,-56.0,,,,,,,,-56.0,,,-66.0,,-48.0,,,,-80.0,,,-56.0,,,,-52.0,,,,-55.0,,,-62.0,,,,,-53.0,,,,-82.0,,,,,,,,,,,,,,,,,,,,,,,,,,,,,-42.0,,,,,,,,,,,,,,,,,,,,,,,,,,,,,,-74.0,-40.0,-74.0,-74.0,-74.0,-56.0,-64.0,-68.0,-70.0,-64.0,-78.0,-72.0,-60.0,-62.0,-68.0,-72.0,-54.0,-56.0,-74.0,-55.0,-68.0,,,,,,,,,,,,,,,,,,,,,,,,,,,,,,,,,,,,,,,,,,,,,,,,,,,,,,,,,,,,,,,,,,,,,,,,,,,,,,,,,,,,,,,,,,,,,,,,,,,,,,,,,,,,,,,,,,,,,,,,,,,,,,,,,,,,,,,,,,,,,,,,,,,,,,,,,,,,,,,,,,,,,,,,,,,,,,,,,,,,,,,,,,,,,,,,,,,,,,,,,,,,,
2025-10-22,15:25:00,27.954019979999998,-81.61531998,-1.9,94.4,,,,,,,,,,,,,,,,,-67.0,-53.0,-52.0,,,-43.0,,-43.0,,,,-52.0,,,,-52.0,,,-64.0,-53.0,,,,,,,,,,,,-52.0,,,,-55.0,-55.0,,,,,,,,,,-46.0,-82.0,,-60.0,-46.0,-45.0,,-46.0,,-46.0,,,,,,-61.0,-46.0,,,,,,,,,,,,,,,-46.0,-47.0,,-37.0,-47.0,-48.0,-47.0,-46.0,,-46.0,-90.0,,-88.0,-47.0,,,,,,-62.0,,-38.0,-90.0,,-62.0,,,,,,,,,,,,,,,,,,,,,,-52.0,,-53.0,,-46.0,-89.0,-47.0,-46.0,-90.0,-88.0,-88.0,-45.0,-61.0,-65.0,-46.0,-46.0,-47.0,-46.0,-87.0,-48.0,,,,,,,,,,,,,,,,,,,,,,,,,,,,,,,,,,,,,,,,,,,,,,,,,,,,,,,,,,,,,,,,,,,,,,,,,,,,,,,,,,,,,,,,,,,,,,,,,,,,,,,,,,,,,,,,,,,,,,,,,,,,,,,,,,,,,,,,,,,,,,,,,,,,,,,,,,,,,,,,,,,,,,,,,,,,,,,,,,,,,,,,,,,,,
2025-10-22,15:25:01,27.954019979999998,-81.61531998,-1.8,94.4,,,,-81.0,,-82.0,,-83.0,,-82.0,,,,,,,,,,,,,,,,,,,,,,,,,,,,,,,,,,,,,,,,,,,,,,,,,,,,,,,,,,,,,,,,,,,,,,-82.0,,,,,,,,,,,,,,,,,,,,,,,,,,,,,,,,,,,,,,,,-85.0,,,,,,,,,,,,,,,,,,,,,,,,,,,,,,,,,,,,,,,,-84.0,-84.0,,,,,,,,,,,,,,,,,,,,,,,,,,,,,,,,,,,,,,,,,,,,,,,,,,,,,,,,,,,,,,,,,,,,,,,,,,,,,,,,,,,,,,,,,,,,,,,,,,,,,,,,,,,,,,,,,,,,,,,,,,,,,,,,,,,,,,,,,,,,,,,,,,,,,,,,,,,,,,,,,,,,,,,,,,,,,,,,,,,,,,,,,,,
2025-10-22,15:25:03,27.954019979999998,-81.61531998,-1.9,94.4,,,,,,,,,,,,,,,,,,,,,,,,,,,,,,,,,,,,,,,,,,,,,,,,,,,,,,,,,,,,,,,,,,,,,,,,,,,,,,,,,,,,,-69.0,-67.0,,,,,,,,,,,,,,,,,,,,,,,,,,,,,,,,,,,,,,,,,,,,,,,,,,,,,,,,,,,,,,,,,,,,,,,,,,,,,,,,,,,,,,,,,,,,,,,,,,,,,,,,,,,,,,,,,,,,,,,,,,,,,,,,,,,,,,,,,,,,,,,,,,,,,,,,,,,,,,,,,,,,,,,,,,,,,,,,,,,,,,,,,,,,,,,,,,,,,,,,,,,,,,,,,,,,,,,,,,,,,,,,,,,,,,,,,,,,,,,,,,,,,,,,,,,,,,,,,,,,,,
2025-10-22,15:25:04,27.954019979999998,-81.61531998,-1.9,94.4,,-64.0,,,-68.0,,,,-82.0,,,,-50.0,,-60.0,,,,,,,,,,-46.0,-61.0,-46.0,,,,,,-46.0,-60.0,,,,,,,,-46.0,-65.0,,,-46.0,,,,,,,,,,,,-47.0,-47.0,,-48.0,,,,,,,,,,,,,,,,,,,,,,,,,,,,,,,-46.0,,,,,,,,,,,,,,,,,,,,,,,,,,,,,,,,,,,-74.0,,-82.0,-76.0,-76.0,-68.0,,,,,,-80.0,,,-74.0,,-78.0,,,,,,,,,,,,,,,,,,,-64.0,-68.0,-62.0,-58.0,-64.0,-64.0,-62.0,-80.0,-41.0,-64.0,-68.0,-84.0,-42.0,-58.0,-64.0,,,,,,,,,,,,,,,,,,,,,,,,,,,,,,,,,,,,,,,,,,,,,,,,,,,,,,,,,,,,,,,,,,,,,,,,,,,,,,,,,,,,,,,,,,,,,,,,,,,,,,,,,,,,,,,,,,,,,,,,,,,,,,,,,,,,,,,,,,,,,,,,,,,,,,,,,,,,,,,,,,,,,,,,,,,,
2025-10-22,15:25:05,27.954019979999998,-81.61531998,-1.9,94.4,,,,,,,,,,,,,,,-82.0,,,,,,,,,,,,-47.0,,,,,,,-62.0,,,,,,-36.0,,-47.0,-66.0,,,-47.0,,,,,,,,,,,,-48.0,,,,-49.0,-48.0,,,-62.0,-52.0,-52.0,,-52.0,,-50.0,,,-72.0,,,-62.0,-38.0,,,,,,,,,,,,,,,-50.0,-48.0,,-42.0,-48.0,-48.0,-48.0,-50.0,,-48.0,,,-92.0,-48.0,,-47.0,,,,-61.0,,-42.0,,,-61.0,,,,,,,,,,,,,,,,,,,,,,,,,,-50.0,,-49.0,-48.0,,-90.0,,-48.0,,-81.0,-49.0,-53.0,,-52.0,-90.0,-47.0,,,,,,,,,,,,,,,,,,-79.0,-49.0,-47.0,-48.0,-79.0,-50.0,-49.0,-49.0,-91.0,-54.0,-79.0,-38.0,-55.0,-61.0,,,,,,,,,,,,,,,,,,,,,,,,,,,,,,,,,,,,,,,,,,,,,,,,,,,,,,,,,,,,,,,,,,,,,,,,,,,,,,,,,,,,,,,,,,,,,,,,,,,,,,,,,,,,,,,,,,,,,,,,,,,,,,,,,,,,,,,,,,,,,,,,,,,,,,,,,,,,,,
2025-10-22,15:25:06,27.954019979999998,-81.61531998,-2.0,94.4,,,,-85.0,,-84.0,,-82.0,,-84.0,,,,,,,,,,,,,,,,,,,,,,,,,,,,,,,,,,,,,,,,,,,,,,,,,,,,,,,,,,,,,,,,,,,,,,,,,,,,,,,,,,,,,,,,,,,,,,,,,,,,,,,,,,,,,,,,,,,,,,,,,,,,,,,,,,,,,,,,,,,,,,,,,,,,,,,,,,,,,,,,,,,,,,,,,,,,,,,,,,,,,-84.0,,,,,,,,,,,,,,,,,,,,,,,,,,,,,,,,,,,,,,,,,,,,,,,,,,,,,,,,,,,,,,,,,,,,,,,,,,,,,,,,,,,,,,,,,,,,,,,,,,,,,,,,,,,,,,,,,,,,,,,,,,,,,,,,,,,,,,,,,,,,,,,,,,,,,,,,,,,,,
2025-10-22,15:25:07,27.954019979999998,-81.61531998,-2.0,94.4,,,,,,,,,,,,,,,,,,,,,,,,,,,,,,,,,,,,,,,,,,,,,,,,,,,,,,,,,,,,,,,,,,,,,,,,,,,,,,,,,,,,,,,,,,,,,,,,,,,,,,,,,,,,,,,,,,,,,,,,,-84.0,-84.0,,,,,,,,,,,,,,,,,,,,,,,,,,,,,,,,,,,,,,,,,,,,,,,,,,,,,,,,,,,,,,,,,,,,,,-84.0,-83.0,,,,,,,,,,,,,,,,,,,,,,,,,,,,,,,,,,,,,,,,,,,,,,,,,,,,,,,,,,,,,,,,,,,,,,,,,,,,,,,,,,,,,,,,,,,,,,,,,,,,,,,,,,,,,,,,,,,,,,,,,,,,,,,,,,,,,,,,,,,,,,,,,,,,,,,,,,,
2025-10-22,15:25:08,27.954019979999998,-81.61531998,-2.1,94.4,,,,,-50.0,,,,,,,-68.0,-68.0,,,,,,,,,,,,,,,,,,,,,,,,,,,,,,,,,,,,,,,,,,,,,,,,,,,,,,,,,,,,,,,,,,,,,,,,,,,,,,,,,,,,,,,,,,,,,,,,,,,,,,,,,,,,,,,,,,,,,,,,,,,,,,,,,,,,,,,,,,,,,,,,,,,,,,,,,,,,,,,,,,,,,,,,,,,,,,,,,,,,,-84.0,-78.0,,,,,,,,,,,,,,,,,,,,,,,,,,,,,,,,,,,,,,,,,,,,,,,,,,,,,,,,,,,,,,,,,,,,,,,,,,,,,,,,,,,,,,,,,,,,,,,,,,,,,,,,,,,,,,,,,,,,,,,,,,,,,,,,,,,,,,,,,,,,,,,,,,,,,,,,,
2025-10-22,15:25:09,27.954019979999998,-81.61531998,-2.1,94.4,,,,,,,,,,,,-48.0,-50.0,,-60.0,-64.0,,,,,-70.0,,-62.0,,-50.0,-60.0,-50.0,,,,,,-50.0,-60.0,,,-56.0,-68.0,,,,-50.0,-79.0,,,-50.0,,,-80.0,-82.0,,,,,,,,-50.0,,,-50.0,,,,,,,,,,,,,,,,,,,,,,,,,,,,,,,,,,,,,,,,,,,,,,,,,,,,,,,,,,,,,,,,,,,,,,,,,,,,,,,,,,,,,,,,,,,,,,,,,,,,,,,,,,,,-66.0,,,,,,,,,,-50.0,,,,,,,,,,,,,,,,,-82.0,-82.0,,,,,,,,,,,,,,,,,,,,,,,,,,,,,,,,,,,,,,,,,,,,,,,,,,,,,,,,,,,,,,,,,,,,,,,,,,,,,,,,,,,,,,,,,,,,,,,,,,,,,,,,,,,,,,,,,,,,,,,,,,,,,,,,,,,,,,,,,,,,,,,,,,,,,,,
2025-10-22,15:25:10,27.954019979999998,-81.61531998,-2.1,94.5,,,,,,-83.0,,,,-88.0,,,,,,,-60.0,,-46.0,,,-36.0,,-36.0,,,,-46.0,,,,-46.0,,,-60.0,,,,,,-65.0,,,,,,,-46.0,,,,-46.0,-46.0,,,-46.0,,,,,,,-59.0,-80.0,,-66.0,-60.0,-56.0,-89.0,-60.0,,-60.0,,-89.0,-81.0,,-88.0,-67.0,-36.0,,,,,,,,,,,,,,,,,,,,,,,,,,,,,,,,,,,,,,,,,,,,,,,,,,,,,,,,,,,,,,,,,,,,,,,,,,,-60.0,,,,,,,,,,,,,,,,,,,,,,,-82.0,,,,,,,,,-46.0,,-36.0,-61.0,,,,,,,,,-82.0,-62.0,-67.0,,,,,,,,,,,,,,,,,,,,,,,,,,,,,,,,,,,,,,,,,,,,,,,,,,,,,,,,,,,,,,,,,,,,,,,,,,,,,,,,,,,,,,,,,,,,,,,,,,,,,,,,,,,,,,,,,,,,,,,,,,,,,,,,,,,,,,,,,,,,,,,,,,,,
2025-10-22,15:25:11,27.954019979999998,-81.61531998,-2.1,94.5,,,,-85.0,,-81.0,,-87.0,,-81.0,,,,,,,,,,,,,,,,,,,,,,,,,,,,,,,,,,,,,,,,,,,,,,,,,,,,,,,,,,,,,,,,,,,,,,-82.0,,,,,,,,,,,,,,,,,,,,,,,,,,,,,,,,,,,,,,,-82.0,-83.0,,,,,,,,,,,,,,,,,,,,,,,,,,,,,,,,,,,,,,,,,-82.0,,,,,,,,,,,,,,,,,,,,,,,,,,,,,,,,,,,,,,,,-86.0,-85.0,-82.0,-82.0,,,,,,,,,,,,,,,,,,,,,,,,,,,,,,,,,,,,,,,,,,,,,,,,,,,,,,,,,,,,,,,,,,,,,,,,,,,,,,,,,,,,,,,,,,,,,,,,,,,,,,,,,,,,,,,,,,,,,,,,,,,,,,,,,,,,,,,,,,,,,,,,
2025-10-22,15:25:13,27.954019979999998,-81.61531998,-2.0,94.4,,,,,,,,,,,,,,,,,,,,,,,,,,,,,,,,,,,,,,,,,,,,,,,,,,,,,,,,,,,,,,,,,,,,,,,,,,,,,,,,,,,,,,-40.0,,,,,,,,,,,,,,,,,,,,,,,,,,,,,,,,,,,,,,,,,,,,,,,,,,,,,,,,,,,,,,,,,,,,,,,,,,,,,,,,,,,,,,,,,,,,,,,,,,,,,,,,,,,,,,,,,,,,,,,,,,,,,,,,,,,,,,,,,,,,,,,,,,,,,,,,,,,,,,,,,,,,,,,,,,,,,,,,,,,,,,,,,,,,,,,,,,,,,,,,,,,,,,,,,,,,,,,,,,,,,,,,,,,,,,,,,,,,,,,,,,,,,,,,,,,,,,,,,,,,,,
2025-10-22,15:25:14,27.954019979999998,-81.61531998,-2.0,94.4,,,,,,,,,,,,,,,-62.0,,,,,,,,,,-62.0,-62.0,-62.0,,,,,,-62.0,-61.0,,,-56.0,-38.0,-62.0,-45.0,,-62.0,-88.0,,,-62.0,,,,,,,,,-62.0,,,-62.0,-63.0,-56.0,-62.0,,,,,,,,,,,,,,,,,,,,,-38.0,-38.0,,,,-38.0,-39.0,,,-39.0,-62.0,-39.0,,,,,,,,,,,,,,,,,,,,,,,,,,,,,,,,,,,,,,,,,,,,,,,,,,,,,,,,,,,,,,,,,,,,,,,,,,,,,,,,,,,,,,-62.0,,,,,,,,,,,,,,,,,,,,,,,,,,-38.0,-85.0,-54.0,-38.0,-70.0,-64.0,-44.0,,,,,,,,,,,,,,,,,,,,,,,,,,,,,,,,,,,,,,,,,,,,,,,,,,,,,,,,,,,,,,,,,,,,,,,,,,,,,,,,,,,,,,,,,,,,,,,,,,,,,,,,,,,,,,,,,,,,,,,,,,,,,,,,,,,,,,,,,
2025-10-22,15:25:15,27.954019979999998,-81.61531998,-1.9,94.4,,,,,,,,,,,,,,,-84.0,,-64.0,-51.0,-51.0,,,-39.0,,-39.0,,,-62.0,-51.0,-62.0,,,-51.0,,,-59.0,-50.0,,,,-46.0,-81.0,-46.0,-88.0,-51.0,,-62.0,,-51.0,,,,-51.0,-51.0,,,-51.0,,,,,,,,-81.0,,,,,-91.0,,-46.0,,,-91.0,-93.0,,-91.0,,,,,,,,,,,,,,,,,-46.0,-46.0,,-36.0,-49.0,-46.0,-46.0,-46.0,,-46.0,-88.0,,-89.0,-46.0,,-46.0,,,,-60.0,,-36.0,-87.0,-65.0,-60.0,,,,,,,,,,,,,,,,,,,,,,,,,,-46.0,,,,,,,,,,,,,,,-46.0,,,,,,,,,,,,,,,,,,,-46.0,,,,,,,,,,,,,,,,,,,,,,,,,,,,,,,,,,-55.0,-89.0,-82.0,-87.0,-88.0,,,,,,,,,,,,,,,,,,,,,,,,,,,,,,,,,,,,,,,,,,,,,,,,,,,,,,,,,,,,,,,,,,,,,,,,,,,,,,,,,,,,,,,,,,,,,,,,,,,,,,,,,,,,,,,,,,,,,,,,,,,,,,,,,,,,
2025-10-22,15:25:16,27.954019979999998,-81.61531998,-1.9,94.4,,,,,,,,,,,,,,,,,,,,,,,,,,,,,,,,,,,,,,,,,,,,,,,,,,,,,,,,,,,,,,,,,,,,,,,,,,,,,,,,-83.0,,,,,,,,,,,,,,,,,,,,,,,,,,,,,,,,,,,,,,,-86.0,-85.0,,,,,,,,,,,,,,,,,,,,,,,,,,,,,,,,,,,,,,,,-82.0,-84.0,,,,,,,,,,,,,,,,,,,,,,,,,,,,,,,,,,,,,,,,,,,,,,,,,,,,,,,,-82.0,,,,,,,,,,,,,,,,,,,,,,,,,,,,,,,,,,,,,,,,,,,,,,,,,,,,,,,,,,,,,,,,,,,,,,,,,,,,,,,,,,,,,,,,,,,,,,,,,,,,,,,,,,,,,,,,,,,,,,,,,,,,,,,,,,,
2025-10-22,15:25:18,27.954019979999998,-81.61531998,-1.9,94.4,,,,,,,,,,,,,,,,,,,,,,,,,,,,,,,,,,,,,,,,,,,,,,,,,,,,,,,,,,,,,,,,,,,,,,,,,,,,,,,,,,,,,-66.0,-66.0,,,,,,,,,,,,,,,,,,,,,,,,,,,,,,,,,,,,,,,,,,,,,,,,,,,,,,,,,,,,,,,,,,,,,,,,,,,,,,,,,,,,,,,,,,,,,,,,,,,,,,,,,,-82.0,,,,,,,,,,,,,,,,,,,,,,,,,,,,,,,,,,,,,,,,,,,,,,,,,,,,,,,,,,,,,,,,,,,,,,,,,,,,,,,,,,,,,,,,,,,,,,,,,,,,,,,,,,,,,,,,,,,,,,,,,,,,,,,,,,,,,,,,,,,,,,,,,,,,,,,,,,,,
2025-10-22,15:25:19,27.954019979999998,-81.61531998,-2.0,94.4,,,,,,,,,,,,,,,,-62.0,,,,,,,-60.0,-52.0,,,,,,,,,,,-68.0,,-49.0,,,,,,,,,,,-53.0,,,,-53.0,,,,,,,,,,,,,,,,,,,,,,,,,,,,,,,,,,,,,,,,,,,,,,,,,,,,,,,,,,,,,,,,,,,,,,,-74.0,-42.0,-82.0,,-64.0,,-68.0,-68.0,-62.0,-62.0,-76.0,,-60.0,,-68.0,-70.0,-54.0,,-66.0,,-68.0,,,,,,,,,,,,,,,,,,,,,,,,,,,,,,,,,,,,,,,,,,,,,,,,,,,,,,,,,,,,,,,,,,-68.0,,,,,,,,,-70.0,-98.0,-56.0,-52.0,-78.0,-80.0,-80.0,-90.0,-62.0,-74.0,-78.0,,,,,,,,,,,,,,,,,,,,,,,,,,,,,,,,,,,,,,,,,,,,,,,,,,,,,,,,,,,,,,,,,,,,,,,,,,,,,,,,,,,,,,,,,,,,,,,,,,,,,,,,,,,,,,,,,,,,,,,,
2025-10-22,15:25:20,27.954019979999998,-81.61531998,-2.0,94.4,,,,,,,,,,,,,,,,,-67.0,-53.0,-52.0,,,-43.0,,-44.0,,,,-52.0,,,,-52.0,,,-65.0,-52.0,,,,,,,,,,,,-52.0,,,,,-56.0,,,,,,,,,-46.0,-46.0,-82.0,,-59.0,-46.0,-46.0,,,,-46.0,,,,,,-59.0,-36.0,,,,,,,,,,,,,,,-47.0,-46.0,,,,-47.0,,-47.0,,-47.0,-88.0,,-89.0,-47.0,,,,-90.0,,-62.0,,-47.0,-89.0,,-62.0,,,,,,,,,,,,,,,,,,,,,,,,,,,,,,-89.0,,,-46.0,,-64.0,-77.0,-46.0,-88.0,-46.0,,-48.0,,,,,,,,,,,,,,,,,,,,,-47.0,,-48.0,,,,-46.0,,-36.0,,,,,,,,,,,,,,,,,,,,,,,,,,,,,,,,,,,,,,,,,-46.0,-52.0,-88.0,-46.0,,,,,,,,,,,,,,,,,,,,,,,,,,,,,,,,,,,,,,,,,,,,,,,,,,,,,,,,,,,,,,,,,,,,,,,,,,,,,,,,,,,,,,,,,,,,,,,,,,,,,,,,,,,,,,,,,,,,
2025-10-22,15:25:21,27.954019979999998,-81.61531998,-2.0,94.4,,,,-81.0,,-82.0,,-84.0,,-84.0,,,,,,,,,,,,,,,,,,,,,,,,,,,,,,,,,,,,,,,,,,,,,,,,,,,,,,,,,,,,,,,,,,,,,,-84.0,,,,,,,,,,,,,,,,,,,,,,,,,,,,,,,,,,,,,,,,-86.0,,,,,,,,,,,,,,,,,,,,,,,,,,,,,-86.0,,,,,,,,,-88.0,,,-85.0,,,,,,,,,,,,,,,,,,,,,,,,,,,,,,,,,,,,,,,,,,,,,,,,,,,,,,,,,,,,,,,,,,,,,,,,-85.0,,,,,,,,,,,,,,,,,,,,,,,,,,,,,,,,,,,,,,,,,,,,,,,,,,,,,,,,,,,,,,,,,,,,,,,,,,,,,,,,,,,,,,,,,,,,,,,,,,,,,,,,,,,,,,,,,,,
2025-10-22,15:25:23,27.954019979999998,-81.61531998,-1.9,94.4,,,,,,,,,,,,,,,,,,,,,,,,,,,,,,,,,,,,,,,,,,,,,,,,,,,,,,,,,,,,,,,,,,,,,,,,,,,,,,,,,,,,,,,,,,,,,,,,,,,,,,,,,,,,,,,,,,,,,,,,,,-85.0,,,,,,,,,,,,,,,,,,,,,,,,,,,,,,,,,,,,,,,,,,,,,,,,,,,,,,,,,,,,,,,,,,,,,,,-84.0,,,,,,,,,,,,,,,,,,,,,,,,,,,,,,,,,,,,,,,,,-67.0,-67.0,-68.0,,,,,,,,,,,,,,,,,,,,,,,,,,,,,,,,,,,,,,,,,,,,,,,,,,,,,,,,,,,,,,,,,,,,,,,,,,,,,,,,,,,,,,,,,,,,,,,,,,,,,,,,,,,,,,,,
2025-10-22,15:25:24,27.954019979999998,-81.61531002000001,-1.9,94.4,,,,,-68.0,,,,-66.0,,-82.0,-64.0,-68.0,,-61.0,,,,,,,,,,,,,,,,,,-46.0,-58.0,,,,,-47.0,,,-46.0,-65.0,,,-46.0,,,,,,,,,,,,,,,-46.0,,,,,,,,,,,,,,,,,,,,,,,,,,,,,,,-46.0,,,,,,,,,,,,,,,,,,,,,,,,,,,,,,,,,,,-74.0,,-68.0,,-82.0,-82.0,-76.0,,,,,,,,-78.0,,-68.0,,,,,,,,,,,,,,,,,,,,,-66.0,-56.0,-66.0,-66.0,,,-40.0,-62.0,,,,,,,,,,,,,,,,,,,,,,,,-82.0,,,,,,,,,,,,,,,,,,,,,,,,,,,,-78.0,,,,,,,,,,,,,,-64.0,-40.0,-78.0,-78.0,-40.0,-56.0,-52.0,,,,,,,,,,,,,,,,,,,,,,,,,,,,,,,,,,,,,,,,,,,,,,,,,,,,,,,,,,,,,,,,,,,,,,,,,,,,,,,,,,,,,,,,,,,,,,,,,,,,,,,,,
2025-10-22,15:25:25,27.954019979999998,-81.61531002000001,-1.9,94.4,,,,,,,,,,,,,,,-60.0,,,,,,,,,,-46.0,-60.0,-46.0,,-47.0,,,,-46.0,-59.0,,,,,,,,-46.0,-65.0,,,-46.0,,,,,,,,,,,,-46.0,-46.0,,-46.0,-46.0,-47.0,,,-61.0,-52.0,-47.0,,-46.0,-46.0,-48.0,,-87.0,-80.0,,,-61.0,-38.0,,,,,,,,,,,,,-46.0,,-48.0,-48.0,,-42.0,-48.0,-47.0,-46.0,,,-47.0,,,,-48.0,,-48.0,,-89.0,,-64.0,,-42.0,-92.0,-84.0,-63.0,,,,,,,,,,,,,,,,,,,,,,,,,,-47.0,,,,,,,-47.0,,-83.0,-52.0,-47.0,,-46.0,-91.0,-48.0,,,,,,,,,,,,,,,,,,-82.0,-80.0,,,,-46.0,,,,-47.0,,-38.0,-86.0,,,,,,,,,-86.0,-48.0,,,,,,,,,,,,,-55.0,,,,,,,,,,,,,,,,,,,-91.0,-48.0,,,,,,,,,,,,-55.0,-48.0,-46.0,-52.0,-88.0,-90.0,-53.0,-93.0,-80.0,,,,,,,,,,,,,,,,,,,,,,,,,,,,,,,,,,,,,,,,,,,,,,,,,,,,,,,,,,,,,,,,,,,,,,,,,,,,,,,,,,,,,,,,,,,,,,,,
2025-10-22,15:25:26,27.954019979999998,-81.61531002000001,-2.0,94.4,,,,-87.0,,-84.0,,-86.0,,-84.0,,,,,,,,,,,,,,,,,,,,,,,,,,,,,,,,,,,,,,,,,,,,,,,,,,,,,,,,,,,,,,,,,,,,,,,,,,,,,,,,,,,,,,,,,,,,,,,,,,,,,,,,,,,,,,,,,,,,,,,,,,,,,,,,,,,,,,,,,,,-89.0,,,,,,,,,-91.0,,,,,,,,,,,,,,,,,,,,,,,,,,,,,,,,,,,,,,,,,,,,,,,,,,,,,,,,,,,,,,,,,,,,,,,,,,,,,,,,,,,,,,,,,,,,,,,-79.0,,,,,,,,,,,,,,,,,,,,,,,,,,,,,,,,,,,,,,,,,,,,,,,,,,,,,,,,,,,,,,,,,,,,,,,,,,,,,,,,,,,,,,,,,,,,,,,
2025-10-22,15:25:29,27.954019979999998,-81.61531002000001,-2.0,94.4,,-64.0,,,-50.0,,,,-62.0,,-66.0,-50.0,-50.0,,-59.0,-64.0,,,,,-68.0,,,,-51.0,,,,,,,,-54.0,-59.0,,,,,,-39.0,,-39.0,-80.0,,,-54.0,,,-78.0,-82.0,,,,,,,,-54.0,,-52.0,-54.0,,,,,,,,,,,,,,,,,,,,,,,,,,,,-76.0,,,-51.0,,,,,,,,,,,,,,,,,,,,,,,,,,,,,,,,,,,,,,,,,,,,-82.0,,,,,,,,,,,,,,,,,,,,,,,,,,,,,,,,,-64.0,,,,,,,,,,-51.0,,,,,,,,,,,,,,,,,,,,,,,,,,,,,,,,,,,,,,,,,,,,,,,,,,,,,,,,,,,,,,,,,,,,,,,,,,,-49.0,-46.0,-68.0,-68.0,-76.0,,,,,,,,,,,,,,,,,,,,,,,,,,,,,,,,,,,,,,,,,,,,,,,,,,,,,,,,,,,,,,,,,,,,,,,,,,,,,,,,,,,,,,,,,,
2025-10-22,15:25:30,27.954019979999998,-81.61531002000001,-2.0,94.4,,,,,,,,,,,,,,,-60.0,,-59.0,-46.0,-46.0,-60.0,,-36.0,,-36.0,-51.0,-60.0,,-46.0,-50.0,,,-46.0,-50.0,-59.0,-59.0,,,,-54.0,-40.0,-64.0,-39.0,,,,-51.0,,-46.0,,,,-46.0,-46.0,,,-46.0,,,,,-54.0,-62.0,-61.0,,,-67.0,-62.0,-57.0,,-62.0,-62.0,-61.0,,-90.0,-82.0,,-90.0,-67.0,-41.0,,,,,,,,,,,,,-51.0,,,,,,,,,,-88.0,,,,,,,,,,,,,,,,,,,,,,,,,,,,,,,,,,,,,,,,-46.0,,,,,,,,,-46.0,,-85.0,,-62.0,,-61.0,,,,,,,,,,,,,,,,,,,,,,-51.0,,,,,,,-61.0,,-41.0,,,,,,,,,,-90.0,,-68.0,,,,,,,,,,,,,,,,,,,,,,,,,,,,,,,-92.0,,,,,,,,,,,,,,,,,,,,,,,-52.0,,,,,-62.0,-62.0,-62.0,-46.0,-62.0,-87.0,,,,,,,,,,,,,,,,,,,,,,,,,,,,,,,,,,,,,,,,,,,,,,,,,,,,,,,,,,,,,,,,,,,,,,,,,,,,,,,,,,,,
2025-10-22,15:25:31,27.954019979999998,-81.61531002000001,-2.0,94.4,,,,-84.0,,-82.0,,-83.0,,-82.0,,,,,,,,,,,,,,,,,,,,,,,,,,,,,,,,,,,,,,,,,,,,,,,,,,,,,,,,,,,,,,,,,,,,,,-83.0,,,,,,,,,,,,,,,,,,,,,,,,,,,,,,,,,,,,,,,,-81.0,,,,,,,,,,,,,,,,,,,,,,,,,,,,,,,,,,,,,,,,,-84.0,,,,,,,,,,,,,,,,,,,,,,,,,,,,,,,,,,,,,,,,,,,,,,,,,,,,,,,,,,,,,,,,,,,,,,,,-83.0,,,,,,,,,,,,,,,,,,,,,,,,,,,,,,,,-83.0,-81.0,,,,,,,,,,,,,,,,,,,,,,,,,,,,,,,,,,,,,,,,,,,,,,,,,,,,,,,,,,,,,,,,,,,,,,,,,,,,,,,,,,
2025-10-22,15:25:33,27.954019979999998,-81.61531002000001,-2.0,94.4,,,,,,,,,,,,,,,,,,,,,,,,,,,,,,,,,,,,,,,,,,,,,,,,,,,,,,,,,,,,,,,,,,,,,,,,,,,,,,,,,,,,,-65.0,-39.0,,,,,,,,,,,,,,,,,,,,,,,,,,,,,,,,,,,,,,,,,,,,,,,,,,,,,,,,,,,,,,,,,,,,,,,,,,,,,,,,,,,,,,,,,,,,,,,,,,,,,,,,,,,,,,,,,,,,,,,,,,,,,,,,,,,,,,,,,,,,,,,,,,,,,,,,,,,,,,,,,,,,,,,,,,,,,,,,,,,,,,,,,,,,,,,,,,,,,,,,,,,,,,,,,,,,,,,,,,,,,,,,,,,,,,,,,,,,,,,,,,,,,,,,,,,,,,,,,,,,,,
2025-10-22,15:25:34,27.954019979999998,-81.61531002000001,-2.0,94.4,,,,,,,,,,,,,,,-62.0,,,,,,,,,,,-62.0,-62.0,,,,,,-62.0,-62.0,,,,-38.0,,,,-62.0,-97.0,,,-62.0,,,,,,,,,-64.0,,,,,-64.0,-62.0,,,,,,,,,,,,,,,,,,,,,-37.0,-38.0,,,,-37.0,-39.0,,-44.0,-38.0,-62.0,,,,,,,,,,,,,,,,,,,,,,,,,,,,,,,,,,,,,,,,,,,,-66.0,,,,,,,,,,,,,,,,,,,,,,,,,,,,,,,,,,,,,,,,,,,,,,,,,,,,,,,,,,,,,,,,,,,,,-38.0,-82.0,,,-68.0,,,,,,,,,,,,,,,,,,,,,,,,,,,,,,,,,,,,,,,,,,,,,,,,-70.0,,,,,,,,,,-40.0,-44.0,-64.0,-56.0,-66.0,-38.0,-84.0,,,,,,,,,,,,,,,,,,,,,,,,,,,,,,,,,,,,,,,,,,,,,,,,,,,,,,,,,,,,,,,,,,,,,,,,,,,
2025-10-22,15:25:35,27.954019979999998,-81.61531002000001,-2.0,94.4,,,,,,,,,,,,,,,-70.0,,-62.0,-51.0,-51.0,,,-39.0,,-39.0,-61.0,-62.0,-61.0,-51.0,-61.0,,,-51.0,-62.0,-62.0,-60.0,-52.0,,,-61.0,-45.0,-80.0,-45.0,-86.0,-51.0,,-61.0,,-50.0,,,,-51.0,,-91.0,,,,,,,,,,-82.0,,,,,-92.0,,-81.0,,,-91.0,-84.0,,-92.0,,,,,,,,,,,,,,,-62.0,,-46.0,-46.0,,,-46.0,-46.0,-46.0,,-91.0,-46.0,-88.0,,,-46.0,,-46.0,,-88.0,,-60.0,,-46.0,-87.0,-48.0,-60.0,,,,,,,,,,,,,,,,,,,,,,,,-51.0,,-46.0,,,,,,,,,,,,,,,,,,,,,,,,,,,,,,,,,,-46.0,,,,,,,,,,,,,,,,,,,,-90.0,,,,,,,,,,,,,,,,,,,,,,,,,,,,,,,,,,-48.0,,,,,,,,,,,,,,,,,-88.0,,-87.0,,,,,,,,,,,-51.0,,,,,,,,,,,,-50.0,,,,,,,,,,,,,,,,,,,,,,,,,,,,,,,,,,,,,,,,,,,,,,,,,,,,,,,,,,,,,,,,,,,,,,,,,,
2025-10-22,15:25:36,27.954019979999998,-81.61531002000001,-2.0,94.4,,,,,,,,,,,,,,,,,,,,,,,,,,,,,,,,,,,,,,,,,,,,,,,,,,,,,,,,,,,,,,,,,,,,,,,,,,,,,,,,-84.0,,,,,,,,,,,,,,,,,,,,,,,,,,,,,,,,,,,,,,,,,,,,,,,,,,,,,,,,,,,,,,,,,,,,,,,,,,,,,,,,,,,,,,,,,,,,,,,,,,,,,,,,,,,,,,,,,,,,,,,,,,,,,,,,,,,,,,,,,,,,,,,,,,,,,,,,,-84.0,,,,,,,,,,,,,,,,,,,,,,,,,,,,,,,,,,,,,,,,,,,,,,,,,,,,,,,,,,,,,,,,,,,,,,,,,,,,,,,,,,,,,,,,,,,,,,,,,,,,,,,,,,,,,,,,,,,
2025-10-22,15:25:38,27.954019979999998,-81.61531002000001,-2.0,94.4,,,,,,,,,,,,,,,,,,,,,,,,,,,,,,,,,,,,,,,,,,,,,,,,,,,,,,,,,,,,,,,,,,,,,,,,,,,,,,,,,,,,,-66.0,-67.0,,,,,,,,,,,,,,,,,,,,,,,,,,,,,,,,,,,-82.0,-81.0,,,,,,,,,,,,,,,,,,,,,,,,,,,,,,,,,,,,,,,,,,,,,,,,,,,,,,,,,,,,,,,,,,,,,,-83.0,-82.0,,,,,,,,,,,,,,,,,,,,,,,,,,,,,,,,,,,,,,,,,,,,,,,,,,,,,,,,,,,,,,,,,,,,,,,,,,,,,,,,,,,,,,,,,,,,,,,,,,,,,,,,,,,,,,,,,,,,,,,,,,,,,,,,,,,,,,,,,,,,,,,,,,,,,,,,,,,
2025-10-22,15:25:39,27.954019979999998,-81.61531002000001,-2.0,94.4,,,,,,,,,,,,,,,,-62.0,,,,,-82.0,,-60.0,,,,,,,,,,,,,,-49.0,,,,,,,,,,,,,,,,,,-62.0,,,,,-62.0,,,,,,,,,,,,,,,,,,,,,,,,,,,,,,,,,,,,,,,,,,,,,,,,,,,,,,,,,,,,,,,-74.0,-42.0,-82.0,,,,,,-82.0,,,-70.0,,-100.0,,,,,,,-68.0,,,,,,,,,,,,,,,,,,,,,,,,,,,,,,,,,,,,,,,,,,,,,,,,,,,,,,,,,,,,,,,,,,,,,,,,,,,,,,-68.0,,-78.0,,,,,,,,,,,,,,,,,,,,,,,,,,,,,,,,,,,,,,,,,,,,,,,,,,,,-64.0,-84.0,-66.0,-63.0,-84.0,,,,,,,,,,,,,,,,,,,,,,,,,,,,,,,,,,,,,,,,,,,,,,,,,,,,,,,,,,,,,,,,,,,,,
2025-10-22,15:25:40,27.954019979999998,-81.61531998,-2.0,94.4,,,,,,,,,,,,,,,,,-67.0,-53.0,-52.0,,,-43.0,,-43.0,,,,-53.0,,,,-52.0,,,-65.0,-53.0,,,,,-82.0,,,-53.0,,,,-53.0,,,,,,,,-53.0,,,,,,-46.0,-46.0,-79.0,,-60.0,-46.0,-46.0,,-46.0,,-46.0,,,,-46.0,,-60.0,-46.0,,,,,,,,,,,,,,,-47.0,-47.0,,-38.0,,-47.0,-47.0,-47.0,-94.0,-47.0,-89.0,,,-47.0,,-47.0,,-90.0,,-61.0,,-38.0,-88.0,-80.0,-61.0,,,,,,,,,-80.0,,-64.0,,-62.0,,,,,,,,,,,-53.0,,-47.0,,,,,,-46.0,-45.0,,-65.0,-46.0,-46.0,-89.0,-46.0,,-47.0,,,,,,,,,,,,,,,,,,,,,,,,,,,-46.0,,,,,,,,,,,,,,,,,,,,,,,,,,-53.0,,,,,,,,,,,-74.0,,,,,,,,,-46.0,,,,,,,,,,,,,,,,,,,,,,,,,,,,,,,,,,,,,,,,,,,,,,,,-46.0,-64.0,-60.0,-47.0,,,,,,,,,,,,,,,,,,,,,,,,,,,,,,,,,,,,,,,,,,,,,,,,,,,,,,,,,,,,,,,,,
2025-10-22,15:25:41,27.954019979999998,-81.61531998,-2.0,94.4,,,,-80.0,,-80.0,,-72.0,,-81.0,,,,,,,,,,,,,,,,,,,,,,,,,,,,,,,,,,,,,,,,,,,,,,,,,,,,,,,,,,,,,,,,,,,,,,-86.0,,,,,,,,,,,,,,,,,,,,,,,,,,,,,,,,,,,,,,,,-85.0,,,,,,,,,,,,,,,,,,,,,,,,,,,,,,,,,,,,,,-88.0,,,-87.0,,,,,,,,,,,,,,,,,,,,,,,,,,,,,,,,,,,,,,,,,,,,,,,,,,,,,,,,,,,,,,,,,,,,,,,,,,,,,,,,,,,,,,,,,,,,,,,,,,,,,,,,,,,,,,,,,,,,,,,,,,,-87.0,,,,,,,,,,,,,,,,,,,,,,,,,,,,,,,,,,,,,,,,,,,,,,,,,,,,,,,,,,,,,,,,
2025-10-22,15:25:43,27.954019979999998,-81.61531998,-2.0,94.4,,,,,,,,,,,,,,,,,,,,,,,,,,,,,,,,,,,,,,,,,,,,,,,,,,,,,,,,,,,,,,,,,,,,,,,,,,,,,,,,,,,,,-66.0,-62.0,,,,,,,,,,,,,,,,,,,,,,,,,,,,,,,,,,,,,,,,,,,,,,,,,,,,,,,,,,,,,,,,,,,,,,,,,,,,,,,,,,,,,,,,,,,,,,,,,,,,,,,,,,,,,,,,,,,,,,,,,,,,,,,,,,,,,,,,,,,,,,,,,,,,,,,,,,,,,,,,,,,,,,,,,,,,,,,,,,,,,,,,,,,,,,,,,,,,,,,-59.0,-69.0,-68.0,-70.0,-68.0,,,,,,,,,,,,,,,,,,,,,,,,,,,,,,,,,,,,,,,,,,,,,,,,,,,,,,,,,,,
2025-10-22,15:25:44,27.954019979999998,-81.61531998,-2.0,94.4,,-62.0,,,-52.0,,,,,,-82.0,-68.0,-40.0,,,,,,,,,,,,,,,,,,,,,,,,,,,,,,,,,,,,,,,,,,,,,,,,,,,,,,,,,,,,,,,,,,,,,,,,,,,,,,,,,,,,,,,,,,,,,,,,,,,,,,,,,,,,,,,,,,-76.0,,,,,,,,,,,,,,,,,,,,,,,,,,,,,,,,,,,,,-72.0,,-64.0,-64.0,,-68.0,-40.0,-64.0,,,,,,,,,,,,,,,,,,,,,,,,,,,,,,,,,,,,,,,,,,,,,,,,,,,,-78.0,,,,,-84.0,,,,,,,,,-62.0,-41.0,,,-41.0,-64.0,,,,,,,,,,,,,,,,,,,,,,,,,,,,,,,,,,,,,,,,,,,,,,,,-64.0,-68.0,-80.0,-68.0,,,,,,,,,,,,,,,,,,,,,,,,,,,,,,,,,,,,,,,,,,,,,,,,,,,,,,,
2025-10-22,15:25:45,27.954019979999998,-81.61531998,-2.1,94.4,,,,,,,,,,,,,,,-59.0,,,,,,,,,,-46.0,-59.0,-46.0,,-46.0,,,,-46.0,-58.0,,,,,-46.0,-36.0,,-36.0,-47.0,,,,,,,,,,,,,,,,,,-46.0,-49.0,-47.0,,,-61.0,-47.0,-51.0,,-51.0,-51.0,-48.0,,-86.0,-89.0,-48.0,,-62.0,-47.0,,,,,,,,,,,,,-46.0,,-46.0,-46.0,,-36.0,-48.0,-48.0,-48.0,-48.0,,-48.0,-89.0,,-92.0,-48.0,,-47.0,,,,-64.0,,-36.0,-91.0,-77.0,-63.0,,,,,,,,,-78.0,,,,,,,,,,,,,,,,,,,,,,,,-47.0,,-81.0,-49.0,-47.0,,-49.0,-89.0,-50.0,,,,,,,,,,,,,,,,,,,-48.0,-46.0,-48.0,-81.0,-48.0,,,,-48.0,-81.0,,-49.0,,,,,,,,,,,-62.0,,,,,,,,,,,,,,,,,,,,,,,-78.0,,,,,,,,,,,,,,,,-78.0,,,,,,,,-48.0,,-88.0,,,,,,,,,,,,,,,,,,,,,,,,,,,,,,,,,,,,,,,,,,,,,-48.0,-47.0,-52.0,,,,,,,,,,,,,,,,,,,,,,,,,,,,,,,,,,,,,,,,,,,,,,,,,,,,
2025-10-22,15:25:46,27.95403,-81.61531998,-2.1,94.4,,,,-83.0,,-85.0,,-84.0,,-82.0,,,,,,,,,,,,,,,,,,,,,,,,,,,,,,,,,,,,,,,,,,,,,,,,,,,,,,,,,,,,,,,,,,,,,,,,,,,,,,,,,,,,,,,,,,,,,,,,,,,,,,,,,,,,,,,,,,,,,,,,,,,,,,,,,,,,,,,,,,,,,,,,,,,,-87.0,,,,,,,,,,,,,,,,,,,,,,,,,,,,,,,,,,,,,,,,,,,,,,,,,,,,,,,,,,,,,,,,,,,,,,,,,,,,,,,,,,,,,,,,,,,,,,,,,,,,,,,,,,,,,,,,,,,,,,,,,,,,,,,,,,,,,,,,,,,-74.0,-79.0,-80.0,,,,,,,,,,,,,,,,,,,,,,,,,,,,,,,,,,,,,,,,,,,,,,,,,
2025-10-22,15:25:48,27.95403,-81.61531998,-2.0,94.4,,,,,,,,,,,,,,,,,,,,,,,,,,,,,,,,,,,,,,,,,,,,,,,,,,,,,,,,,,,,,,,,,,,,,,,,,,,,,,,,,,,,,,,,,,,,,,,,,,,,,,,,,,,,,,,,,,,,,,,,,,-81.0,,,,,,,,,,,,,,,,,,,,,,,,,,,,,,,,,,,,,,,,,,,,,,,,,,,,,,,,,,,,,,,,,,,,,,-83.0,-85.0,,,,,,,,,,,,,,,,,,,,,,,,,,,,,,,,,,,,,,,,,,,,,,,,,,,,,,,,,,,,,,,,,,,,,,,,,,,,,,,,,,,,,,,,,,,,,,,,,,,,,,,,,,,,,,,,,,,,,,,,,,,,,,,,,,,,,,,,,,,,,,,,,,,,,,,,,,,
2025-10-22,15:25:49,27.95403,-81.61531998,-2.0,94.4,,,,,-50.0,,-64.0,,-68.0,,-66.0,-58.0,-60.0,,,-64.0,,,,,,,-64.0,,,,,,,,,,,,,,-55.0,-76.0,,,,,,,,,,,,,,,,,-64.0,,,,,,,,,,,,,,,,,,,,,,,,,,,,,,,,,,,,,,,,,,,,,,,,,,,,,,,,,,,,,,,,,,,,,,,,,,,,,,,,,-64.0,,,,,,,,,,,,,,,,,,,,,,,,,,,,,,,,,-66.0,,,,,,,,,,,,,,,,,,,,,,,,,-78.0,-78.0,-70.0,,,,,,,,,,,,,,,,,,,,,,,,,,,,,,,,,,,,,,,,,,,,,,,,,,,,,,,,,,,,,,,,,,,,,,,,,,,,,,,,-78.0,,,,,,,,,,,,,,,,,,,,,,,,-54.0,-71.0,-58.0,-58.0,-78.0,-62.0,,,,,,,,,,,,,,,,,,,,,,,,,,,,,,,,,,,,,,,,,,,
2025-10-22,15:25:50,27.95403,-81.61531998,-2.0,94.4,,,,,,,,,,,,,,,-58.0,,-60.0,-46.0,-46.0,-58.0,,-35.0,,-36.0,-51.0,-58.0,,-46.0,-50.0,,,-46.0,-50.0,-58.0,-57.0,-46.0,,,,-40.0,-65.0,-39.0,,-46.0,,-54.0,,-46.0,,,,-46.0,-47.0,-88.0,,-46.0,,,-55.0,,-54.0,-61.0,-46.0,,,-65.0,-60.0,-59.0,-91.0,-56.0,-61.0,-61.0,,,,,,-67.0,-42.0,,,,,,,,,,,,,-51.0,,,,,,,,,,,,,,,,,,-66.0,,,,,,,,,,,,,,,,,,,,,,,,,,,,,,,,-46.0,,,,,,,,,-60.0,,-82.0,,-59.0,,,,,,,,,,,,,,,,,,-54.0,,,,,,,,,,,,,-61.0,,-42.0,,,,,,,,,,,,-64.0,,,,,,,,,,,,,,,,,,,,,,,,,,,,,,-46.0,,,,,,,,,,,,,,,,,,,,,,,,,,,,,,,,,,,,,,,,,,,,,,,,,,,,,,,,,,,,,,,,,,,,,,,,,,,,-56.0,-64.0,-58.0,-88.0,,,,,,,,,,,,,,,,,,,,,,,,,,,,,,,,,,,,,,,
2025-10-22,15:25:51,27.95403,-81.61531998,-2.0,94.4,,,,-85.0,,-86.0,,-86.0,,-85.0,,,,,,,,,,,,,,,,,,,,,,,,,,,,,,,,,,,,,,,,,,,,,,,,,,,,,,,,,,,,,,,,,,,,,,-82.0,,,,,,,,,,,,,,,,,,,,,,,,,,,,,,,,,,,,,,,,-82.0,,,,,,,,,,,,,,,,,,,,,,,,,,,,,,,,,,,,,,,,,-82.0,,,,,,,,,,,,,,,,,,,,,,,,,,,,,,,,,,,,,,,,,,,,,,,,,,,,,,,,,,,,,,,,,,,,,,,,-83.0,,,,,,,,,,,,,,,,,,,,,,,,,,,,,,,,,,,,,,,,,,,,,,,,,,,,,,,,,,,,,,,,,,,,,,,,,,,,,,,,,,,,,,,,,,,,,,,,,,,,,,,,,,,,,,,,,,,
2025-10-22,15:25:53,27.95403,-81.61531998,-2.0,97.3,,,,,,,,,,,,,,,,,,,,,,,,,,,,,,,,,,,,,,,,,,,,,,,,,,,,,,,,,,,,,,,,,,,,,,,,,,,,,,,,,,,,,-67.0,-67.0,,,,,,,,,,,,,,,,,,,,,,,,,,,,,,,,,,,,,,,,,,,,,,,,,,,,,,,,,,,,,,,,,,,,,,,,,,,,,,,,,,,,,,,,,,,,,,,,,,,,,,,,,,,,,,,,,,,,,,,,,,,,,,,,,,,,,,,,,,,,,,,,,,,,,,,,,,,,,,,,,,,,,,,,,,,,,,,,,,,,,,,,,,,,,,,,,,,,,,,,,,,,,,,,,,,,,,,,,,,,,,,,,,,,,,,,,,,,,,,,,,,,,,,,,,,,,,,,,,,,,,
2025-10-22,15:25:54,27.95403,-81.61531998,-2.0,97.3,,,,,,,,,,,,,,,,-64.0,,,,,,,-70.0,,,,,,,,,,,,,,,-56.0,,,,,,,,,,,,,,,,,-64.0,,,,,,,,,,,,,,,,,,,,,,,,,,,-37.0,-37.0,,,,-37.0,-38.0,,,,,,,,,,,,,,,,,,,,,,,,,,,,,,,,,,,,,,,,,,,,,,,,,,,,,,,,,,,,,,,,,,,,,,,,,,,,,,,,,,,,,,,,,,,,,,,,,,,,,,,,,,,,,,,,,,,,,-46.0,-87.0,,,,,,,,,,,,,,,,,,,,,,,,,,,,,,,,,,,,,,,,,,,,,,,,,,,,,,,,,,,,,,,,-36.0,,-36.0,-84.0,,,,,,,,,,,,,,,,,,,,,,,,,,,,,,,,,,,,,-40.0,,,,,,,,,,,,,,,,,,,,,,,,,,,,,,,,,,,,,,
2025-10-22,15:25:55,27.95403,-81.61531998,-2.0,97.4,,,,,,,,,,,,,,,-62.0,,-60.0,-55.0,-54.0,-61.0,,-37.0,,-38.0,-63.0,-61.0,-63.0,-52.0,-62.0,,,-52.0,-64.0,-60.0,-58.0,-54.0,,,-62.0,-43.0,,-43.0,-84.0,,,-63.0,,-54.0,,,,-55.0,,,,,,,-64.0,,,,,,,,,,,,-50.0,,,,,,,,,,,,,,,,,,,,,-62.0,,-49.0,-49.0,,-35.0,-50.0,-49.0,-49.0,-49.0,,-49.0,,,-88.0,-50.0,,-49.0,-60.0,-88.0,,-60.0,,-35.0,-89.0,-49.0,-60.0,,,,,,,,,,,,,,,,,,,,,,,,-54.0,,-83.0,,,,,,,,,,,,,,,-50.0,,,,,,,,,,,,,,,,,,,,-64.0,,,,,,,,,,,,,,,,,,,,,,,,,,,,,,,,,,,,,,,,,,,,,,,,,,,,,-51.0,,,,,,,,,,,,,,,,,,,,,,,,,,,,,,,,,,,,,,,,,,,,,,,,,,,,,,,,,,,,,,,,,,,,,,,,,,,,,,,-50.0,-92.0,,,,,,,,,,,,,,,,,,,,,,,,,,,,,,,,,,,,
2025-10-22,15:25:56,27.95403,-81.61531998,-2.0,97.4,,,,,,,,,,,,,,,,,,,,,,,,,,,,,,,,,,,,,,,,,,,,,,,,,,,,,,,,,,,,,,,,,,,,,,,,,,,,,,,,-85.0,,,,,,,,,,,,,,,,,,,,,,,,,,,,,,,,,,,,,,,,-85.0,,,,,,,,,,,,,,,,,,,,,,,,,,,,,,,,,,,,,,,,,-83.0,,,,,,,,,,,,,,,,,,,,,,,,,,,,,,,,,,,,,,,,,,,,,,,,,,,,,,,,,,,,,,,,,,,,,,,,,,,,,,,,,,,,,,,,,,,,-80.0,,,,,,,,,,,,,,,,,,,,,,,,,,,,,,,,,,,,,,,,,,,,,,,,,,,,,,,,,,,,-84.0,-76.0,-79.0,-74.0,-73.0,,,,,,,,,,,,,,,,,,,,,,,,,,,,,,,
2025-10-22,15:25:58,27.954019979999998,-81.61531002000001,-1.9,97.6,,,,,,,,,,,,,,,,,,,,,,,,,,,,,,,,,,,,,,,,,,,,,,,,,,,,,,,,,,,,,,,,,,,,,,,,,,,,,,,,,,,,,-73.0,-72.0,,,,,,,,,,,,,,,,,,,,,,,,,,,,,,,,,,,,,,,,,,,,,,,,,,,,,,,,,,,,,,,,,,,,,,,,,,,,,,,,,,,,,,,,,,,,,,,,,,,,,,,,,,,,,,,,,,,,,,,,,,,,,,,,,,,,,,,,,,,,,,,,,,,,,,,,,,,,,,,,,,,,,,,,,,,,,,,,,,,,,,,,,,,,,,,,,,,,,,,,,,,,,,,,,,,,,,,,,,,,,,,,,,,,,,,,,,,,,,,,,,,,,,,,,,,,,,,,,,,,,,
2025-10-22,15:25:59,27.954019979999998,-81.61531002000001,-1.9,97.6,,,,,,,,,,,,,,,,,,,,,,,-64.0,,,,,,,,,,,,,,-49.0,,,,,,,,,,,,,,,,,,-62.0,,,,,-57.0,,,,,,,,,,,,,,,,,,,,,,,,,,,,,,,,,,,,,,,,,,,,,,,,,,,,,,,,,,,,,,,-72.0,,,,,,,,,,,-72.0,-62.0,,-68.0,,,,,,,,,,,,,,,,,,,,,,,,,,,,,,,,,,,,,,,,,,,,,,,,,,,,,,,,,,,,,,,,,,,,,,,,,,,,,,,,,,,,,,,,,-58.0,,,,,,,,,,,,,,,,,,,,,,,,,,,,,,,,,,,,,,,,,,,,,,,,,,,,,,,,,,,,-70.0,,,,,,,,,,,,,,,,,,,,,,,,,,,,,,,,-102.0,-66.0,-76.0,-76.0,-68.0,-49.0,-98.0,,,,,,,,,,,,,,,,,,,,,,,,
2025-10-22,15:26:00,27.954019979999998,-81.61531002000001,-1.9,97.6,,,,,,,,,,,,,,,,,-62.0,-56.0,-56.0,,,-42.0,,-42.0,,,,-56.0,,,,-56.0,,,-58.0,-56.0,,,,,-82.0,,,-56.0,,,,-56.0,,,,-56.0,,,,,,,,,,-50.0,-50.0,-80.0,,-59.0,-49.0,-49.0,,,,-50.0,,,,,,-59.0,-34.0,,,,,,,,,,,,,,,-49.0,-49.0,,-36.0,-49.0,-49.0,-49.0,-49.0,,-49.0,-89.0,,-90.0,-49.0,,-49.0,,-90.0,,-62.0,,-36.0,-90.0,-80.0,-62.0,,,,,,,,,-76.0,,,,-66.0,,,,,,,,,,,-56.0,-70.0,-49.0,,,,,,,-50.0,,-66.0,-50.0,-50.0,,-81.0,,-49.0,,,,,,,,,,,,,,,,,,,,,,,,,,,-50.0,,-34.0,,,,,,,,,,,,,,,,,,,,,,,,,,,,,,,,,,,,,,,,,,,,-48.0,,,,,,,,,,,,-49.0,,,,,,,,,,,,,,,,,,,,,,,,,,,,,,,,,,,,-77.0,-77.0,,,,,,,,,,,,,,,,,,,,,,,,,,,,,,,,,,,,,,,,,,,,-77.0,-60.0,-50.0,-50.0,-34.0,,,,,,,,,,,,,,,,,,,
2025-10-22,15:26:01,27.95401002,-81.61531002000001,-1.9,97.7,,,,-67.0,,,,-80.0,,-81.0,,,,,,,,,,,,,,,,,,,,,,,,,,,,,,,,,,,,,,,,,,,,,,,,,,,,,,,,,,,,,,,,,,,,,,-83.0,,,,,,,,,,,,,,,,,,,,,,,,,,,,,,,,,,,,,,,,-82.0,,,,,,,,,,,,,,,,,,,,,,,,,,,,,-86.0,,,,,,,,,-87.0,,,-83.0,,,,,,,,,,,,,,,,,,,,,,,,,,,,,,,,,,,,,,,,,,,,,,,,,,,,,,,,,,,,,,,,,,,,,,,,,,,,,,,,,,,,,,,,,,,,,,,,,,,,,,,,,,,,,,,,,,,,,,,,,,,-88.0,,,,,,,,,,,,,,,,,,,,,,,,,,,,,,,,,,,,,,,,,,,,,,-88.0,,,,,,,,,,,,,,,,,,
2025-10-22,15:26:03,27.95401002,-81.6153,-1.9,97.8,,,,,,,,,,,,,,,,,,,,,,,,,,,,,,,,,,,,,,,,,,,,,,,,,,,,,,,,,,,,,,,,,,,,,,,,,,,,,,,,,,,,,-44.0,-44.0,,,,,,,,,,,,,,,,,,,,,,,,,,,,,,,,,,,,,,,,,,,,,,,,,,,,,,,,,,,,,,,,,,,,,,,,,,,,,,,,,,,,,,,,,,,,,,,,,,,,,,,,,,,,,,,,,,,,,,,,,,,,,,,,,,,,,,,,,,,,,,,,,,,,,,,,,,,,,,,,,,,,,,,,,,,,,,,,,,,,,,,,,,,,,,,,,,,,,,,,-70.0,-71.0,-70.0,-71.0,,,,,,,,,,,,,,,,,,,,,,,,,,,,,,,,,,,,,,,,,,,,,,,,,,,,,,,,,,,
2025-10-22,15:26:04,27.95401002,-81.6153,-1.9,97.9,,-72.0,,,-68.0,,,,-72.0,,-70.0,-68.0,-52.0,,,,,,,,,,,,,,,,,,,,,,,,,,,,,,,,,,,,,,,,,,,,,,,,,,,,,,,,,,,,,,,,,,,,,,,,,,,,,,,,,,,,,,,,,,,,,,,,,,,,,,,,,,,,,,,,,,,,,,,,,,,,,,,,,,,,,,,,,,,,,,,,,,,,,-62.0,,-62.0,,-62.0,-60.0,,-72.0,-44.0,-64.0,,,,,,,,,,,,,,,,,,,,,,,,,,,,,,,,,,,,,,,,,,,,,,,,,,,,,,,,,,,,,,,,,,-68.0,-40.0,,,,-60.0,,,,,,,,,,,,,-42.0,,,,,,,,,,,,,,,,,,,,,,,,,,,,,,,,,,,,-52.0,,,,,,,,,,,,,-82.0,,,,,,,,,,,,,,,,,,,,,,,,,,,-68.0,-80.0,-62.0,,,,,,,,,,,,,,,
2025-10-22,15:26:05,27.95401002,-81.6153,-1.9,97.9,,,,,,,,,,,,,,,-58.0,,,,,,,,,,-49.0,-61.0,-50.0,,-50.0,,,,-49.0,-58.0,,,,,-50.0,-35.0,,-35.0,-65.0,,,-49.0,,,,,,,,,,,,,-50.0,,-50.0,-57.0,-56.0,,,-62.0,-51.0,-52.0,,-54.0,-57.0,-50.0,,,,,,-62.0,-51.0,,,,,,,,,,,,,-49.0,,-51.0,-51.0,,-35.0,-52.0,-51.0,-52.0,-52.0,,-50.0,-91.0,,-91.0,-50.0,,-54.0,-61.0,-92.0,,-64.0,,-35.0,,-86.0,-64.0,,,,,,,,,-78.0,,,,,-68.0,,,,,,,,,,,-68.0,-51.0,,,,,,,-50.0,,-80.0,-56.0,-55.0,,-50.0,,-52.0,,,,,,,,,,,,,,,,,,,,-50.0,,,-51.0,-55.0,-55.0,,,,,-57.0,,,,,,,,,,,,,,,,,,,,,,,-56.0,,,,,,,,,,,,,,,,,,,,-52.0,,,,,,,,,,,,,,,-57.0,,,,,,,,,,,,,,,,,,,,,,,,,,,,,,,,,,,,,,,,,,,,,,,,,,,,,,,,,,,,,,,,,-88.0,,,,,,,,,,,,,,,,,,,,,,-82.0,,,,,,,,,,,,,,
2025-10-22,15:26:06,27.95401002,-81.6153,-1.9,98.0,,,,-84.0,,-85.0,,-87.0,,-76.0,,,,,,,,,,,,,,,,,,,,,,,,,,,,,,,,,,,,,,,,,,,,,,,,,,,,,,,,,,,,,,,,,,,,,,,,,,,,,,,,,,,,,,,,,,,,,,,,,,,,,,,,,,,,,,,,,,,,,,,,,,,,,,,,,,,,,,,,,,,-89.0,,,,,,,,,,,,,,,,,,,,,,,,,,,,,,,,,,,,,,,,,,,,,,,,,,,,,,,,,,,,,,,,,,,,,,,,,,,,,,,,,,,,,,,,,,,,,,,,,,,,,,,,,,,,,,,,,,,,,,,,,,,,,,,,,,,,,,,,,,,,,,,,,,,,-80.0,,,,,,,,,,,,,,,-87.0,,,,,,,,,,,,,,,,,,-88.0,,,,,-81.0,,,,,,,,,,,,,
2025-10-22,15:26:08,27.954,-81.6153,-1.9,98.1,,,,,,,,,,,,,,,,,,,,,,,,,,,,,,,,,,,,,,,,,,,,,,,,,,,,,,,,,,,,,,,,,,,,,,,,,,,,,,,,,,,,,,,,,,,,,,,,,,,,,,,,,,,,,,,,,,,,,,,,,,,,,,,,,,,,,,,,,,,,,,,,,,,,,,,,,,,,,,,,,,,,,,,,,,,,,,,,,,,,,,,,,,,,,,,,,,,,,,,,,,,,,,,,,,,,,,,,,,,,,,,,,,,,,,,,,,,,,,,,,,,,,,,,,,,,,,,,,,,,,,,,,,,,,,,,,,,,,,,,,,,,,,-62.0,-66.0,,,,,,,,,,,,,,,,,,,,,,,,,,,,,,,,,,,-64.0,,,,,,,,,,,,,,-68.0,,,,,,,,,,,,
2025-10-22,15:26:09,27.954,-81.6153,-1.9,98.1,,,,,-54.0,,,,-82.0,,,-54.0,-48.0,,,-60.0,,,,,,,,,,,,,,,,,,,,,-49.0,,,,,,,,,,,,,,,,,,-60.0,,,,,-62.0,,,,,,,,,,,,,,,,,,,,,-69.0,,,,,,,,,,,,,,,,,,,,,,,,,,,,,,,,,,,,,,,,,,,,,,,,,,,,,,,-60.0,,,,,,,,,,,,,,,,,,,,,,,,,,,,,,,,,,,,,,,,,,,,,,,,,,,,,,,,,,,,,,,,,,,,,,,,,-76.0,,,,,,,,,,,,,,,,,,,,,,,,,,,,,,,,,,,,,,,,,,,,,,,,,,,,,,,,,,,,,,,,,,,,,,,,,,,,,,,,,,,,,,,,,,,,-68.0,,,,,,,,,,,,,,,,,,,,,,,,,,,,,,,,,,,,-76.0,-78.0,-44.0,-68.0,-44.0,,,,,,,
2025-10-22,15:26:10,27.954,-81.6153,-1.9,98.2,,,,,,,,,,,,,,,-60.0,,-58.0,-49.0,-48.0,,,-35.0,,-35.0,-51.0,-62.0,-51.0,-49.0,-55.0,,,-49.0,-51.0,-61.0,-59.0,-49.0,,,-52.0,-39.0,-50.0,-39.0,-79.0,-49.0,,-52.0,,-49.0,,,-70.0,-49.0,-49.0,,,-49.0,,-51.0,-51.0,,-51.0,-63.0,-62.0,,,-67.0,-62.0,-58.0,,-49.0,,-62.0,,,-81.0,,,-67.0,-62.0,,,,,,,,,,,,,-52.0,,,,,,,,,,,,,,,,,,,,,,,,,,,,,,,,,,,,,,,,,,,,,,,,,,-49.0,,,,,,,,,-62.0,,-86.0,,-62.0,,-63.0,,,,,,,,,,,,,,,,,,,,-83.0,-62.0,-55.0,,,,,,,,,,,,,,,,,-70.0,,-92.0,,-68.0,,,,,,,,,,,,,,,,,,,,,,,,,,,,,,,,,,,,,,,,,,,,,,,,,,,,,,,,,,,-62.0,,,-49.0,,,,,,,,,,,,,,,,,,,,,,,,,,,,,,,,,,,,,,,,,,,,,,,,,,,,,,,,,,,,,,,,,,,,,,,,,,,,,,,,-89.0,,,,,,
2025-10-22,15:26:11,27.95401002,-81.6153,-1.9,98.2,,,,-80.0,,-81.0,,-83.0,,-81.0,,,,,,,,,,,,,,,,,,,,,,,,,,,,,,,,,,,,,,,,,,,,,,,,,,,,,,,,,,,-92.0,,,,,,,,-90.0,,,-80.0,,,,,,,,,,,,,,,,,,,,,,,,,,,,,,,,,,,,,,,-82.0,-80.0,,,,,,,,,,,,,,,,,,,,,,,,,,,,,,,,,,,,,,,,,-81.0,,,,,,,,,,,,,,,,,,,,,,,,,,,,,,,,,,,,,,,,,,,,,,,,,,,,,,,,,,,,,,,,,,,,,,,,,,,,,,,,,,,,,,,,,,,,,,,,,,,,,,,,,,,,,,,,,,,,,,,,,,,,,,,,,,,,,,,,,,,,,,,,,,,,,,,,,,,,,,,,,,,,,,,,,,,,,,,,,,,,,,-84.0,,,,,
2025-10-22,15:26:13,27.95401002,-81.6153,-2.0,98.2,,,,,,,,,,,,,,,,,,,,,,,,,,,,,,,,,,,,,,,,,,,,,,,,,,,,,,,,,,,,,,,,,,,,,,,,,,,,,,,,,,,,,-69.0,-68.0,,,,,,,,,,,,,,,,,,,,,,,,,,,,,,,,,,,,,,,,,,,,,,,,,,,,,,,,,,,,,,,,,,,,,,,,,,,,,,,,,,,,,,,,,,,,,,,,,,,,,,,,,,,,,,,,,,,,,,,,,,,,,,,,,,,,,,,,,,,,,,,,,,,,,,,,,,,,,,,,,,,,,,,,,,,,,,,,,,,,,,,,,,,,,,,,,,,,,,,,,,,,,,,,,,,,,,,,,,,,,,,,,,,,,,,,,,,,,,,,,,,,,,,,,,,,,,,,,,,,,,
2025-10-22,15:26:14,27.95401002,-81.61528998,-2.1,98.2,,,,,,,,,,,,,,,,,,,,,,,-70.0,,,,,,,,,,,,,,,-59.0,,,,,,,,,,,,,,,,,,,,,,,,,,,,,,,,,,,,,,,,,,,-68.0,-36.0,-36.0,,,,-37.0,-37.0,,,-37.0,,,,,,,,,,,,,,,,,,,,,,,,,,,,,,,,,,,,,,,,,,,,,-60.0,,,,,,,,,,,,,,,,,,,,,,,,,,,,,,,,,,,,,,,,,,,,,,,,,,,,,,,,,,,,,,,,,,,,,0.0,,,-38.0,,,,,,,,,,,,,,,,,,,,,,,,,,,,,,,,,,,,,,,,,,,,,,,,,,,,,,,,,,,,,,,,,-86.0,,,,,,,,,,,,,,,,,,,,,,,,,,,,,,,,,,,,,-44.0,,,,,,,,,,,,,,,,,,,,,,,,,,,,,,,,,,-44.0,-38.0,-69.0,,
2025-10-22,15:26:15,27.95401002,-81.61528998,-2.1,98.3,,,,,,,,,,,,,,,-60.0,,-62.0,-54.0,-52.0,-60.0,,-38.0,,-38.0,-64.0,-63.0,,-53.0,-64.0,,,-52.0,-64.0,-60.0,-59.0,-52.0,,,-64.0,,-81.0,-44.0,,-55.0,,-64.0,,-52.0,,,,-54.0,-51.0,,,-51.0,,-64.0,,,,,,,,,,,,,,,,,,,,,,,,,,,,,,,,,,,,-48.0,-48.0,,-35.0,-49.0,-48.0,-49.0,-48.0,,-48.0,-89.0,,-87.0,-48.0,,-48.0,,-88.0,,-61.0,,-35.0,-88.0,-66.0,-61.0,,,,,,,,,,,,,,,,,,,,,,,,-52.0,,-48.0,,,,,,,,,,,,,,,-52.0,,,,,,,,,,,,,,,,,,,,-65.0,,,,,,,,-64.0,,,,,,,,,,,,,-66.0,,,,,,-84.0,,,,,,,,,,,,,,,,,,,,,,,,,,,,,,,,,,,,,,,,,,,-88.0,,,,,,,,,,,,,,,,,,,,,,,,-85.0,,,,,,,,,,,,,,,,,,,,,,,,,,,,,,,,,-49.0,,,,,,,,,,,,,,,,,,,,,,,,,,,,,,,,,,,,,,,,,-94.0,
2025-10-22,15:26:16,27.95401002,-81.61528998,-2.1,98.4,,,,,,,,,,,,,,,,,,,,,,,,,,,,,,,,,,,,,,,,,,,,,,,,,,,,,,,,,,,,,,,,,,,,,,,,,,,,,,,,-83.0,,,,,,,,,,,,,,,,,,,,,,,,,,,,,,,,,,,,,,,,-82.0,,,,,,,,,,,,,,,,,,,,,,,,,,,,,,,,,,,,,,-74.0,,,-82.0,,,,,,,,,,,,,,,,,,,,,,,,,,,,,,,,,,,,,,,,,,,,,,,,,,,,,,,,,,,,,,,,,,,,,,,,,,,,,,,,,,,,,,,,,,,,,,,,,,,,,,,,,,,,,,,,,,,,,,,,,,,,,,,,,,,,,,,,-82.0,,,,,,,,,,,,,,,,,,,,,,,,,,,,,,,,,,,,,,,,,,,,,,,,,,,
2025-10-22,15:26:18,27.95401002,-81.61528998,-2.1,98.4,,,,,,,,,,,,,,,,,,,,,,,,,,,,,,,,,,,,,,,,,,,,,,,,,,,,,,,,,,,,,,,,,,,,,,,,,,,,,,,,,,,,,-69.0,-68.0,,,,,,,,,,,,,,,,,,,,,,,,,,,,,,,,,,,,,,,,,,,,,,,,,,,,,,,,,,,,,,,,,,,,,,,,,,,,,,,,,,,,,,,,,,,,,,,,,,,,,,,,,,,,,,,,,,,,,,,,,,,,,,,,,,,,,,,,,,,,,,,,,,,,,,,,,,,,,,,,,,,,,,,,,,,,,,,,,,,,,,,,,,,,,,,,,,,,,,,,,,,,,,,,,,,,,,,,,,,,,,,,,,,,,,,,,,,,,,,,,,,,,,,,,,,,,,,,,,,,,,
2025-10-22,15:26:19,27.95401002,-81.61528998,-2.1,98.4,,,,,,,,,,,,,,,,-62.0,,,,,,,-64.0,,,,,,,,,,,,,,-48.0,,,,,,,,,,,,,,,,,,,,,,,-60.0,,,,,,,,,,,,,,,,,,,,,,,,,,,,,-84.0,,,,-44.0,,,,,,,,,,,,,,,,,,,,,,,,,,,,,,-68.0,-44.0,,,,,,,,,,,,-62.0,,,-68.0,,,,,,,,,,,,,,,,,,,,,,,,,,,,,,,,,,,,,,,,,,,,,,,,,,,,,,,,,,,,,,,,,,,,,,-76.0,,,,,,,,,,-88.0,,-52.0,,,,,,,,,,,,,,,,,,,,,,,,,,,,,,,,,,,,,,,,,,,,,,,,,,,,,,,-86.0,,,,,,,,,,-73.0,,,,,,,,,,,,,,,,,,,,,,,,,,,,,,,,,,-80.0,,-72.0,,,,,,,,,,,,,,,,,,,,,,,,,,-44.0
